name,url,level,hitpoints,max_hit,aggressive,accuracy,strength,defence,magic,range,speed,respawn_timer,rare_prob,root_prob,drop_table,rare_drop_table
Bandit,https://highspell.fandom.com/wiki/Bandit,10,14,2,Yes,6 + 5 bonus,6 + 4 bonus,6,1,1,2,30s,1/200,Never,"[{""item"": ""Bones"", ""quantity"": ""1"", ""rarity"": ""Always""}, {""item"": ""Coins"", ""quantity"": ""5"", ""rarity"": ""1/2.5""}, {""item"": ""Coins"", ""quantity"": ""10"", ""rarity"": ""~1/6.66""}, {""item"": ""Bass"", ""quantity"": ""1"", ""rarity"": ""1/8""}, {""item"": ""Tomato"", ""quantity"": ""1"", ""rarity"": ""1/20""}, {""item"": ""Bronze gloves"", ""quantity"": ""1"", ""rarity"": ""1/20""}, {""item"": ""Red cape"", ""quantity"": ""1"", ""rarity"": ""1/25""}, {""item"": ""Orange cape"", ""quantity"": ""1"", ""rarity"": ""1/25""}, {""item"": ""Leather gloves"", ""quantity"": ""1"", ""rarity"": ""~1/28.57""}, {""item"": ""Bronze helm"", ""quantity"": ""1"", ""rarity"": ""1/40""}, {""item"": ""Bronze longsword"", ""quantity"": ""1"", ""rarity"": ""1/40""}, {""item"": ""Iron gloves"", ""quantity"": ""1"", ""rarity"": ""1/50""}, {""item"": ""Iron longsword"", ""quantity"": ""1"", ""rarity"": ""~1/66.66""}, {""item"": ""Black cape"", ""quantity"": ""1"", ""rarity"": ""1/250""}, {""item"": ""Bandit mask"", ""quantity"": ""1"", ""rarity"": ""1/1,000""}]","[{""item"": ""Rough Amethyst"", ""quantity"": ""1"", ""rarity"": ""20%"", ""chance"": ""1/500""}, {""item"": ""Rough Sapphire"", ""quantity"": ""1"", ""rarity"": ""17.5%"", ""chance"": ""1/800""}, {""item"": ""Rough Emerald"", ""quantity"": ""1"", ""rarity"": ""15%"", ""chance"": ""1/1333.4""}, {""item"": ""Rough Topaz"", ""quantity"": ""1"", ""rarity"": ""12.5%"", ""chance"": ""1/2666.6""}, {""item"": ""Rough Citrine"", ""quantity"": ""1"", ""rarity"": ""10%"", ""chance"": ""1/4000""}, {""item"": ""Rough Ruby"", ""quantity"": ""1"", ""rarity"": ""7.5%"", ""chance"": ""1/8000""}, {""item"": ""Rough Diamond"", ""quantity"": ""1"", ""rarity"": ""5%"", ""chance"": ""1/13,333.3""}, {""item"": ""Rough Carbonado"", ""quantity"": ""1"", ""rarity"": ""2.5%"", ""chance"": ""1/20,000""}, {""item"": ""Warp Scroll"", ""quantity"": ""50"", ""rarity"": ""1%"", ""chance"": ""1/20,000""}, {""item"": ""Alchemy Scroll"", ""quantity"": ""50"", ""rarity"": ""1%"", ""chance"": ""1/20,000""}, {""item"": ""Celadium Ore"", ""quantity"": ""1"", ""rarity"": ""1%"", ""chance"": ""1/40,816.4""}]"
Bandit (Archer),https://highspell.fandom.com/wiki/Bandit_(Lvl_18),18,14,?,Yes,6,6,6,1,20,2,Unknown,N/A,N/A,[],[]
Barbarian,https://highspell.fandom.com/wiki/Barbarian,20,26,???,Yes,15 + 10 bonus,15 + 15 bonus,15 + 10 bonus,1,1,1,Unknown,0.1%,0%,"[{""item"": ""Bones"", ""quantity"": ""1"", ""rarity"": ""Always""}, {""item"": ""Coins"", ""quantity"": ""3"", ""rarity"": ""0.3""}, {""item"": ""Coins"", ""quantity"": ""5"", ""rarity"": ""0.15""}, {""item"": ""Coins"", ""quantity"": ""10"", ""rarity"": ""0.1""}, {""item"": ""Potato"", ""quantity"": ""1"", ""rarity"": ""0.05""}, {""item"": ""Iron Ore"", ""quantity"": ""1"", ""rarity"": ""0.05""}, {""item"": ""Raw Beef"", ""quantity"": ""1"", ""rarity"": ""0.05""}, {""item"": ""Raw Chicken"", ""quantity"": ""1"", ""rarity"": ""0.05""}, {""item"": ""Steak"", ""quantity"": ""1"", ""rarity"": ""0.035""}, {""item"": ""Chicken"", ""quantity"": ""1"", ""rarity"": ""0.035""}, {""item"": ""Iron Helm"", ""quantity"": ""1"", ""rarity"": ""0.03""}, {""item"": ""Iron Gloves"", ""quantity"": ""1"", ""rarity"": ""0.03""}, {""item"": ""Iron Battleaxe"", ""quantity"": ""1"", ""rarity"": ""0.025""}, {""item"": ""Coal"", ""quantity"": ""1"", ""rarity"": ""0.025""}, {""item"": ""Barbarian Helm"", ""quantity"": ""1"", ""rarity"": ""0.02""}, {""item"": ""Raw Salmon"", ""quantity"": ""1"", ""rarity"": ""0.01""}]",[]
Beach Gnome,https://highspell.fandom.com/wiki/Beach_gnome,18,25,???,No,20,15 + 10 bonus,15,10 + 5 bonus,1,1,Unknown,0.1,No,"[{""item"": ""Bones"", ""quantity"": ""1"", ""rarity"": ""Always""}, {""item"": ""Coins"", ""quantity"": ""8"", ""rarity"": ""0.4""}, {""item"": ""Scroll (IOU)"", ""quantity"": ""2"", ""rarity"": ""0.1""}, {""item"": ""Coins"", ""quantity"": ""15"", ""rarity"": ""0.075""}, {""item"": ""Raw Crab"", ""quantity"": ""1"", ""rarity"": ""0.05""}, {""item"": ""Logs"", ""quantity"": ""1"", ""rarity"": ""0.05""}, {""item"": ""Fire Scroll"", ""quantity"": ""3"", ""rarity"": ""0.05""}, {""item"": ""Water Scroll"", ""quantity"": ""3"", ""rarity"": ""0.05""}, {""item"": ""Energy Scroll"", ""quantity"": ""3"", ""rarity"": ""0.05""}, {""item"": ""Crab"", ""quantity"": ""1"", ""rarity"": ""0.025""}, {""item"": ""Beer"", ""quantity"": ""1"", ""rarity"": ""0.025""}, {""item"": ""Clownfish"", ""quantity"": ""1"", ""rarity"": ""0.025""}, {""item"": ""Coins"", ""quantity"": ""20"", ""rarity"": ""0.025""}, {""item"": ""Gnome's Hat"", ""quantity"": ""1"", ""rarity"": ""0.02""}, {""item"": ""Amethyst Necklace"", ""quantity"": ""1"", ""rarity"": ""0.02""}, {""item"": ""Coconut"", ""quantity"": ""1"", ""rarity"": ""0.01""}]",[]
Big Squirrel,https://highspell.fandom.com/wiki/Big_squirrel,12,15,???,Yes,10,12,12,1,1,1,Unknown,No,No,"[{""item"": ""Bones"", ""quantity"": ""1"", ""rarity"": ""Always""}, {""item"": ""Raw Rodent Meat"", ""quantity"": ""1"", ""rarity"": ""Always""}, {""item"": ""Squirrel Pelt"", ""quantity"": ""1"", ""rarity"": ""0.15""}]",[]
Black Bear,https://highspell.fandom.com/wiki/Black_bear,32,40,???,Unknown,30,35,25,1,1,1,Unknown,No,No,"[{""item"": ""Bones"", ""quantity"": ""1"", ""rarity"": ""Always""}, {""item"": ""Raw Game Meat"", ""quantity"": ""1"", ""rarity"": ""Always""}, {""item"": ""Raw Game Meat"", ""quantity"": ""1"", ""rarity"": ""0.4""}, {""item"": ""Black Bear Paw"", ""quantity"": ""1"", ""rarity"": ""0.025""}]",[]
Blood Mage (Lvl 27),https://highspell.fandom.com/wiki/Blood_mage_(Lvl_27),27,32,???,Yes,24,28,20 + 10 bonus,30 + 15 bonus,1,1,Unknown,0.02,0.1,"[{""item"": ""Bones"", ""quantity"": ""1"", ""rarity"": ""Always""}, {""item"": ""Coins"", ""quantity"": ""10"", ""rarity"": ""0.25""}, {""item"": ""Coins"", ""quantity"": ""15"", ""rarity"": ""0.1""}, {""item"": ""Fire Scroll"", ""quantity"": ""1"", ""rarity"": ""0.075""}, {""item"": ""Water Scroll"", ""quantity"": ""1"", ""rarity"": ""0.075""}, {""item"": ""Nature Scroll"", ""quantity"": ""1"", ""rarity"": ""0.075""}, {""item"": ""Fire Scroll"", ""quantity"": ""3"", ""rarity"": ""0.05""}, {""item"": ""Water Scroll"", ""quantity"": ""3"", ""rarity"": ""0.05""}, {""item"": ""Nature Scroll"", ""quantity"": ""3"", ""rarity"": ""0.05""}, {""item"": ""Energy Scroll"", ""quantity"": ""2"", ""rarity"": ""0.05""}, {""item"": ""Fury Scroll"", ""quantity"": ""2"", ""rarity"": ""0.04""}, {""item"": ""Rage Scroll"", ""quantity"": ""2"", ""rarity"": ""0.025""}, {""item"": ""Warp Scroll"", ""quantity"": ""1"", ""rarity"": ""0.025""}, {""item"": ""Alchemy Scroll"", ""quantity"": ""2"", ""rarity"": ""0.025""}, {""item"": ""Blood Robe Bottoms"", ""quantity"": ""1"", ""rarity"": ""0.004""}, {""item"": ""Blood Hat"", ""quantity"": ""1"", ""rarity"": ""0.004""}, {""item"": ""Potion of Magic (1)"", ""quantity"": ""1"", ""rarity"": ""0.0025""}]",[]
Blood Mage (Lvl 44),https://highspell.fandom.com/wiki/Blood_mage_(Lvl_44),44,42,???,Yes,35,35,30 + 15 bonus,40 + 15 bonus,1,1,Unknown,0.025,0.15,"[{""item"": ""Bones"", ""quantity"": ""1"", ""rarity"": ""Always""}, {""item"": ""Coins"", ""quantity"": ""15"", ""rarity"": ""0.2""}, {""item"": ""Coins"", ""quantity"": ""25"", ""rarity"": ""0.1""}, {""item"": ""Fire Scroll"", ""quantity"": ""2"", ""rarity"": ""0.075""}, {""item"": ""Water Scroll"", ""quantity"": ""2"", ""rarity"": ""0.075""}, {""item"": ""Nature Scroll"", ""quantity"": ""2"", ""rarity"": ""0.075""}, {""item"": ""Fire Scroll"", ""quantity"": ""3"", ""rarity"": ""0.05""}, {""item"": ""Water Scroll"", ""quantity"": ""3"", ""rarity"": ""0.05""}, {""item"": ""Nature Scroll"", ""quantity"": ""3"", ""rarity"": ""0.05""}, {""item"": ""Energy Scroll"", ""quantity"": ""3"", ""rarity"": ""0.04""}, {""item"": ""Fury Scroll"", ""quantity"": ""2"", ""rarity"": ""0.04""}, {""item"": ""Warp Scroll"", ""quantity"": ""1"", ""rarity"": ""0.025""}, {""item"": ""Rage Scroll"", ""quantity"": ""2"", ""rarity"": ""0.025""}, {""item"": ""Alchemy Scroll"", ""quantity"": ""2"", ""rarity"": ""0.025""}, {""item"": ""Blood Robe Top"", ""quantity"": ""1"", ""rarity"": ""0.004""}, {""item"": ""Blood Robe Bottoms"", ""quantity"": ""1"", ""rarity"": ""0.004""}, {""item"": ""Blood Hood"", ""quantity"": ""1"", ""rarity"": ""0.004""}, {""item"": ""Potion of Magic (1)"", ""quantity"": ""1"", ""rarity"": ""0.0025""}]",[]
Brown Bear,https://highspell.fandom.com/wiki/Brown_bear,25,30,???,Unknown,20,30,20,1,1,1,Unknown,No,No,"[{""item"": ""Bones"", ""quantity"": ""1"", ""rarity"": ""Always""}, {""item"": ""Raw Game Meat"", ""quantity"": ""1"", ""rarity"": ""Always""}, {""item"": ""Raw Game Meat"", ""quantity"": ""1"", ""rarity"": ""0.25""}, {""item"": ""Brown Bear Paw"", ""quantity"": ""1"", ""rarity"": ""0.025""}]",[]
Brute,https://highspell.fandom.com/wiki/Brute,48,50,?,Yes,15,40,25,1,1,1,Unknown,N/A,N/A,"[{""item"": ""Bones"", ""quantity"": ""1"", ""rarity"": ""Always""}]",[]
Bull,https://highspell.fandom.com/wiki/Bull,14,18,???,No,5,10,10,1,1,1,Unknown,Unknown,Unknown,"[{""item"": ""Bones"", ""quantity"": ""1"", ""rarity"": ""Always""}, {""item"": ""Raw Beef"", ""quantity"": ""1"", ""rarity"": ""Always""}]",[]
Charred Skeleton (Lvl 36),https://highspell.fandom.com/wiki/Charred_Skeleton_(Lvl_36),36,36,?,?,25,20,20,1,1,1,Unknown,0.0075,0.075,"[{""item"": ""Charred Bones"", ""quantity"": ""1"", ""rarity"": ""Always""}, {""item"": ""Coins"", ""quantity"": ""10"", ""rarity"": "".25""}, {""item"": ""Coins"", ""quantity"": ""20"", ""rarity"": "".1""}, {""item"": ""Vial"", ""quantity"": ""3"", ""rarity"": "".1""}, {""item"": ""Fire Scroll"", ""quantity"": ""5"", ""rarity"": "".1""}, {""item"": ""Fire Scroll"", ""quantity"": ""10"", ""rarity"": "".05""}, {""item"": ""Vial"", ""quantity"": ""5"", ""rarity"": "".05""}, {""item"": ""Coins"", ""quantity"": ""25"", ""rarity"": "".05""}, {""item"": ""Baked Potato"", ""quantity"": ""1"", ""rarity"": "".05""}, {""item"": ""Iron Arrows"", ""quantity"": ""5"", ""rarity"": "".05""}, {""item"": ""Coal"", ""quantity"": ""1"", ""rarity"": "".05""}, {""item"": ""Iron Bar"", ""quantity"": ""1"", ""rarity"": "".05""}, {""item"": ""Vial"", ""quantity"": ""10"", ""rarity"": "".025""}, {""item"": ""Palm Bow"", ""quantity"": ""1"", ""rarity"": "".02""}, {""item"": ""Iron Full Helm"", ""quantity"": ""1"", ""rarity"": "".02""}, {""item"": ""Iron Great Sword"", ""quantity"": ""1"", ""rarity"": "".0125""}, {""item"": ""Iron Shield"", ""quantity"": ""1"", ""rarity"": "".01""}]",[]
Charred Skeleton (Lvl 48),https://highspell.fandom.com/wiki/Charred_Skeleton_(Lvl_48),48,45,?,?,30,40,30,1,1,1,Unknown,0.0125,0.075,"[{""item"": ""Charred Bones"", ""quantity"": ""1"", ""rarity"": ""Always""}, {""item"": ""Coins"", ""quantity"": ""12"", ""rarity"": ""0.25""}, {""item"": ""Coins"", ""quantity"": ""25"", ""rarity"": ""0.1""}, {""item"": ""Vial"", ""quantity"": ""3"", ""rarity"": ""0.1""}, {""item"": ""Fire Scroll"", ""quantity"": ""5"", ""rarity"": ""0.1""}, {""item"": ""Fire Scroll"", ""quantity"": ""15"", ""rarity"": ""0.1""}, {""item"": ""Vial"", ""quantity"": ""8"", ""rarity"": ""0.05""}, {""item"": ""Coins"", ""quantity"": ""30"", ""rarity"": ""0.05""}, {""item"": ""Grilled Corn"", ""quantity"": ""1"", ""rarity"": ""0.05""}, {""item"": ""Iron Arrows"", ""quantity"": ""5"", ""rarity"": ""0.05""}, {""item"": ""Coal"", ""quantity"": ""2"", ""rarity"": ""0.0475""}, {""item"": ""Steel Bar"", ""quantity"": ""1"", ""rarity"": ""0.0475""}, {""item"": ""Vial"", ""quantity"": ""15"", ""rarity"": ""0.025""}, {""item"": ""Cherry Bow"", ""quantity"": ""1"", ""rarity"": ""0.02""}, {""item"": ""Warp Scroll"", ""quantity"": ""2"", ""rarity"": ""0.02""}, {""item"": ""Steel Full Helm"", ""quantity"": ""1"", ""rarity"": ""0.0125""}, {""item"": ""Steel Hatchet"", ""quantity"": ""1"", ""rarity"": ""0.01""}, {""item"": ""Steel Great Sword"", ""quantity"": ""1"", ""rarity"": ""0.005""}, {""item"": ""Steel Shield"", ""quantity"": ""1"", ""rarity"": ""0.005""}, {""item"": ""Ruby Necklace"", ""quantity"": ""1"", ""rarity"": ""0.0025""}]",[]
Chicken,https://highspell.fandom.com/wiki/Chicken,2,3,???,No,2,1,1,1,1,1,Unknown,No,No,"[{""item"": ""Bones"", ""quantity"": ""1"", ""rarity"": ""Always""}, {""item"": ""Raw Chicken"", ""quantity"": ""1"", ""rarity"": ""Always""}, {""item"": ""Feathers"", ""quantity"": ""3"", ""rarity"": ""Always""}]",[]
Cave Chicken,https://highspell.fandom.com/wiki/Cave_Chicken,24,20,?,No,10,25,10,1,1,1,30s,N/A,0.1,"[{""item"": ""Bones"", ""quantity"": ""x1"", ""rarity"": ""Always""}, {""item"": ""Raw chicken"", ""quantity"": ""x2"", ""rarity"": ""Always""}, {""item"": ""Feathers"", ""quantity"": ""x10"", ""rarity"": ""1/2.5""}, {""item"": ""Feathers"", ""quantity"": ""x15"", ""rarity"": ""1/3.33""}, {""item"": ""Feathers"", ""quantity"": ""x5"", ""rarity"": ""1/5""}, {""item"": ""Feathers"", ""quantity"": ""x20"", ""rarity"": ""1/10""}, {""item"": ""Low Root Table"", ""quantity"": """", ""rarity"": ""1/10""}]",[]
Corrupt Minotaur,https://highspell.fandom.com/wiki/Corrupt_minotaur,97,95,???,Yes,75 + 30 bonus,80 + 30 bonus,80,1,1,1,Unknown,0.04,0.05,"[{""item"": ""Bones"", ""quantity"": ""1"", ""rarity"": ""Always""}, {""item"": ""Coins"", ""quantity"": ""95"", ""rarity"": ""1/3.3""}, {""item"": ""Coins"", ""quantity"": ""120"", ""rarity"": ""1/10""}, {""item"": ""Coins"", ""quantity"": ""220"", ""rarity"": ""1/10""}, {""item"": ""Raw Beef"", ""quantity"": ""1"", ""rarity"": ""1/10""}, {""item"": ""Bronze Bar (IOU)"", ""quantity"": ""3"", ""rarity"": ""1/10""}, {""item"": ""Fire Scroll"", ""quantity"": ""15"", ""rarity"": ""1/10""}, {""item"": ""Rage Scroll"", ""quantity"": ""10"", ""rarity"": ""1/20""}, {""item"": ""High Root Loot Table"", ""quantity"": """", ""rarity"": ""1/20""}, {""item"": ""Rare Loot Table"", ""quantity"": """", ""rarity"": ""1/25""}, {""item"": ""Alchemy Scroll"", ""quantity"": ""5"", ""rarity"": ""1/40""}, {""item"": ""Warp Scroll"", ""quantity"": ""5"", ""rarity"": ""1/40""}, {""item"": ""Potion of Defense (2)"", ""quantity"": ""1"", ""rarity"": ""1/40""}, {""item"": ""Blue Wizard's Hat"", ""quantity"": ""1"", ""rarity"": ""1/50""}, {""item"": ""Ruby Necklace"", ""quantity"": ""1"", ""rarity"": ""1/100""}, {""item"": ""Palladium Chestplate"", ""quantity"": ""1"", ""rarity"": ""1/100""}, {""item"": ""Coronium Full Helm"", ""quantity"": ""1"", ""rarity"": ""1/133.3""}, {""item"": ""Coronium Great Sword"", ""quantity"": ""1"", ""rarity"": ""1/200""}, {""item"": ""Coronium Battleaxe"", ""quantity"": ""1"", ""rarity"": ""1/200""}, {""item"": ""Helmet of Melee"", ""quantity"": ""1"", ""rarity"": ""1/10,000""}]",[]
Cow,https://highspell.fandom.com/wiki/Cow,5,10,???,No,2,3,4,1,1,1,Unknown,0.0,0.0,"[{""item"": ""Bones"", ""quantity"": ""1"", ""rarity"": ""Always""}, {""item"": ""Raw Beef"", ""quantity"": ""1"", ""rarity"": ""Always""}]",[]
Dark Monk,https://highspell.fandom.com/wiki/Dark_Monk,46,55,???,Yes,40 + 10 bonus,35 + 10 bonus,10 + 5 bonus,1,1,1,Unknown,"0,02",0.05,"[{""item"": ""Bones"", ""quantity"": ""1"", ""rarity"": ""Always""}, {""item"": ""Coins"", ""quantity"": ""15"", ""rarity"": ""0.2""}, {""item"": ""Coins"", ""quantity"": ""25"", ""rarity"": ""0.1""}, {""item"": ""Vial (IOU)"", ""quantity"": ""5"", ""rarity"": ""0.1""}, {""item"": ""Fury Scroll"", ""quantity"": ""5"", ""rarity"": ""0.1""}, {""item"": ""Fire Scroll"", ""quantity"": ""8"", ""rarity"": ""0.1""}, {""item"": ""Potion of Accuracy (1)"", ""quantity"": ""1"", ""rarity"": ""0.05""}, {""item"": ""Warp Scroll"", ""quantity"": ""2"", ""rarity"": ""0.05""}, {""item"": ""Rage Scroll"", ""quantity"": ""2"", ""rarity"": ""0.05""}, {""item"": ""Bronze Shield"", ""quantity"": ""1"", ""rarity"": ""0.05""}, {""item"": ""Raw Salmon"", ""quantity"": ""1"", ""rarity"": ""0.05""}, {""item"": ""Steel Full Helm"", ""quantity"": ""1"", ""rarity"": ""0.03""}, {""item"": ""Monks Necklace Mould"", ""quantity"": ""1"", ""rarity"": ""0.02""}, {""item"": ""Robe Top"", ""quantity"": ""1"", ""rarity"": ""0.02""}, {""item"": ""Robe Bottoms"", ""quantity"": ""1"", ""rarity"": ""0.02""}, {""item"": ""Old Hood"", ""quantity"": ""1"", ""rarity"": ""0.02""}, {""item"": ""Steel Chainmail Body"", ""quantity"": ""1"", ""rarity"": ""0.02""}, {""item"": ""Steel Scimitar"", ""quantity"": ""1"", ""rarity"": ""0.01""}, {""item"": ""Coronium Gloves"", ""quantity"": ""1"", ""rarity"": ""0.002""}, {""item"": ""Celadon Scimitar"", ""quantity"": ""1"", ""rarity"": ""0.0008""}]",[]
Dragon Hatchling (Plains),https://highspell.fandom.com/wiki/Dragon_hatchling_(Plains),40,40,???,Yes,30,36,30,1,1,1,Unknown,0.025,No,"[{""item"": ""Bones"", ""quantity"": ""1"", ""rarity"": ""Always""}, {""item"": ""Nature Scroll"", ""quantity"": ""10"", ""rarity"": "".33""}, {""item"": ""Fury Scroll"", ""quantity"": ""4"", ""rarity"": "".1""}]",[]
Dragon Hatchling (Fire),https://highspell.fandom.com/wiki/Dragon_Hatchling_(Fire),52,50,?,Yes,40,45,40 + 10 bonus,1,1,1,Unknown,0.05,0.125,"[{""item"": ""Bones"", ""quantity"": ""1"", ""rarity"": ""Always""}, {""item"": ""Fire Scroll"", ""quantity"": ""10"", ""rarity"": ""1/3""}, {""item"": ""High Root Loot Table"", ""quantity"": """", ""rarity"": ""1/8""}, {""item"": ""Fury Scroll"", ""quantity"": ""6"", ""rarity"": ""1/10""}, {""item"": ""Rare Loot Table"", ""quantity"": """", ""rarity"": ""1/20""}]",[]
Dragon Hatchling (Water),https://highspell.fandom.com/wiki/Dragon_Hatchling_(Water),45,45,?,Yes,35,40,35 + 10 bonus,1,1,1,Unknown,.04,.1,"[{""item"": ""Bones"", ""quantity"": ""1"", ""rarity"": ""Always""}, {""item"": ""Water Scroll"", ""quantity"": ""10"", ""rarity"": "".33""}, {""item"": ""Fury Scroll"", ""quantity"": ""5"", ""rarity"": "".1""}]",[]
Dwarf,https://highspell.fandom.com/wiki/Dwarf,14,18,???,No,5 + 5 bonus,10 + 10 bonus,15 + 10 bonus,1,1,1,Unknown,0.01,No,"[{""item"": ""Bones"", ""quantity"": ""1"", ""rarity"": ""Always"", ""chance"": """"}, {""item"": ""Coins"", ""quantity"": ""6"", ""rarity"": ""0.2"", ""chance"": ""15{5}}""}, {""item"": ""Half Beer"", ""quantity"": ""1"", ""rarity"": ""0.15"", ""chance"": ""16.667{6.667}}}""}, {""item"": ""Coins"", ""quantity"": ""8"", ""rarity"": ""0.1"", ""chance"": ""110{10}}""}, {""item"": ""Iron Helm"", ""quantity"": ""1"", ""rarity"": ""0.1"", ""chance"": ""110{10}}""}, {""item"": ""Iron Ore"", ""quantity"": ""1"", ""rarity"": ""0.1"", ""chance"": ""110{10}}""}, {""item"": ""Beer"", ""quantity"": ""1"", ""rarity"": ""0.075"", ""chance"": ""113.333{13.333}}}""}, {""item"": ""Empty Glass Jar"", ""quantity"": ""1"", ""rarity"": ""0.07"", ""chance"": ""114.286{14.286}}}""}, {""item"": ""Iron Bar"", ""quantity"": ""1"", ""rarity"": ""0.07"", ""chance"": ""114.286{14.286}}}""}, {""item"": ""Hammer"", ""quantity"": ""1"", ""rarity"": ""0.05"", ""chance"": ""120{20}}""}, {""item"": ""Bronze Pickaxe"", ""quantity"": ""1"", ""rarity"": ""0.05"", ""chance"": ""120{20}}""}, {""item"": ""Iron Pickaxe"", ""quantity"": ""1"", ""rarity"": ""0.025"", ""chance"": ""140{40}}""}, {""item"": ""Rare Loot Table"", ""quantity"": """", ""rarity"": ""0.01"", ""chance"": ""1100{100}}""}, {""item"": ""Steel Pickaxe"", ""quantity"": ""1"", ""rarity"": ""0.005"", ""chance"": ""1200{200}}""}]",[]
Elder Knight,https://highspell.fandom.com/wiki/Elder_knight,102,90,???,No,80 + 60 Bonus,80 + 60 Bonus,85 + 80 Bonus,1,1,1,Unknown,0.05,No,"[{""item"": ""Bones"", ""quantity"": ""1"", ""rarity"": ""Always"", ""chance"": """"}, {""item"": ""Coins"", ""quantity"": ""90"", ""rarity"": ""0.2"", ""chance"": ""1/5""}, {""item"": ""Coins"", ""quantity"": ""275"", ""rarity"": ""0.1"", ""chance"": ""1/10""}, {""item"": ""Water Scroll"", ""quantity"": ""30"", ""rarity"": ""0.1"", ""chance"": ""1/10""}, {""item"": ""Nature Scroll"", ""quantity"": ""30"", ""rarity"": ""0.875"", ""chance"": ""1/11.4""}, {""item"": ""Fire Scroll"", ""quantity"": ""30"", ""rarity"": ""0.075"", ""chance"": ""1/13.3""}, {""item"": ""Coins"", ""quantity"": ""400"", ""rarity"": ""0.05"", ""chance"": ""1/20""}, {""item"": ""Rare Loot Table"", ""quantity"": """", ""rarity"": ""0.05"", ""chance"": ""1/20""}, {""item"": ""Coins"", ""quantity"": ""625"", ""rarity"": ""0.05"", ""chance"": ""1/20""}, {""item"": ""Salmon"", ""quantity"": ""1"", ""rarity"": ""0.04"", ""chance"": ""1/25""}, {""item"": ""Warp Scroll"", ""quantity"": ""3"", ""rarity"": ""0.035"", ""chance"": ""1/28.57""}, {""item"": ""Alchemy Scroll"", ""quantity"": ""3"", ""rarity"": ""0.035"", ""chance"": ""1/28.57""}, {""item"": ""Red Cape"", ""quantity"": ""1"", ""rarity"": ""0.03"", ""chance"": ""1/33.33""}, {""item"": ""Palm Scroll(IOU)"", ""quantity"": ""10"", ""rarity"": ""0.02"", ""chance"": ""1/50""}, {""item"": ""Sakura Logs(IOU)"", ""quantity"": ""4"", ""rarity"": ""0.02"", ""chance"": ""1/50""}, {""item"": ""Palladium Bar(IOU)"", ""quantity"": ""2"", ""rarity"": ""0.02"", ""chance"": ""1/50""}, {""item"": ""Palladium Gloves"", ""quantity"": ""1"", ""rarity"": ""0.015"", ""chance"": ""1/66.67""}, {""item"": ""Palladium Helm"", ""quantity"": ""1"", ""rarity"": ""0.015"", ""chance"": ""1/66.67""}, {""item"": ""Palladium Pickaxe"", ""quantity"": ""1"", ""rarity"": ""0.0125"", ""chance"": ""1/80""}, {""item"": ""Topaz Necklace"", ""quantity"": ""1"", ""rarity"": ""0.01"", ""chance"": ""1/100""}, {""item"": ""Lucky Scroll(IOU)"", ""quantity"": ""5"", ""rarity"": ""0.01"", ""chance"": ""1/100""}, {""item"": ""Pumpkin"", ""quantity"": ""1"", ""rarity"": ""0.01"", ""chance"": ""1/100""}, {""item"": ""Palladium Longsword"", ""quantity"": ""1"", ""rarity"": ""0.01"", ""chance"": ""1/100""}, {""item"": ""Palladium Full Helm"", ""quantity"": ""1"", ""rarity"": ""0.0075"", ""chance"": ""1/133.3""}, {""item"": ""Palladium Shield"", ""quantity"": ""1"", ""rarity"": ""0.005"", ""chance"": ""1/200""}, {""item"": ""Ruby Necklace"", ""quantity"": ""1"", ""rarity"": ""0.0025"", ""chance"": ""1/400""}, {""item"": ""Silver Full Helm"", ""quantity"": ""1"", ""rarity"": ""0.00125"", ""chance"": ""1/800""}, {""item"": ""Silver Platelegs"", ""quantity"": ""1"", ""rarity"": ""0.001"", ""chance"": ""1/1000""}, {""item"": ""Silver Chestplate"", ""quantity"": ""1"", ""rarity"": ""0.0005"", ""chance"": ""1/2000""}, {""item"": ""Coronium Longsword"", ""quantity"": ""1"", ""rarity"": ""0.00025"", ""chance"": ""1/4000""}, {""item"": ""Coronium Shield"", ""quantity"": ""1"", ""rarity"": ""0.0001"", ""chance"": ""1/10000""}]",[]
Elf,https://highspell.fandom.com/wiki/Elf,35,45,???,No,40 + 25 bonus,30 + 25 bonus,35 + 30 bonus,1,1,1,Unknown,0.02,0.3,"[{""item"": ""Bones"", ""quantity"": ""1"", ""rarity"": ""Always""}, {""item"": ""Coins"", ""quantity"": ""10"", ""rarity"": ""0.35""}, {""item"": ""Coins"", ""quantity"": ""20"", ""rarity"": ""0.05""}, {""item"": ""Coins"", ""quantity"": ""40"", ""rarity"": ""0.04""}, {""item"": ""Elf Ears"", ""quantity"": ""1"", ""rarity"": ""0.02""}, {""item"": ""Green Cape"", ""quantity"": ""1"", ""rarity"": ""0.02""}, {""item"": ""Steel Gloves"", ""quantity"": ""1"", ""rarity"": ""0.01""}, {""item"": ""Steel Longsword"", ""quantity"": ""1"", ""rarity"": ""0.005""}, {""item"": ""Steel Platelegs"", ""quantity"": ""1"", ""rarity"": ""0.0025""}]",[]
Farmer,https://highspell.fandom.com/wiki/Farmer,5,13,???,No,1,2,5,1,1,1,Unknown,No,No,"[{""item"": ""Bones"", ""quantity"": ""1"", ""rarity"": ""Always""}, {""item"": ""Coins"", ""quantity"": ""3"", ""rarity"": ""0.2""}, {""item"": ""Coins"", ""quantity"": ""5"", ""rarity"": ""0.15""}, {""item"": ""Potato"", ""quantity"": ""1"", ""rarity"": ""0.15""}, {""item"": ""Bronze Gloves"", ""quantity"": ""1"", ""rarity"": ""0.1""}, {""item"": ""Wheat"", ""quantity"": ""1"", ""rarity"": ""0.1""}, {""item"": ""Corn"", ""quantity"": ""1"", ""rarity"": ""0.075""}, {""item"": ""Tomato"", ""quantity"": ""1"", ""rarity"": ""0.05""}, {""item"": ""Onion"", ""quantity"": ""1"", ""rarity"": ""0.045""}, {""item"": ""Acorn"", ""quantity"": ""1"", ""rarity"": ""0.02""}, {""item"": ""Iron Gloves"", ""quantity"": ""1"", ""rarity"": ""0.01""}, {""item"": ""Pumpkin"", ""quantity"": ""1"", ""rarity"": ""0.0025""}]",[]
Fighter Gnome,https://highspell.fandom.com/wiki/Fighter_gnome,30,32,???,No,16 + 15 bonus,16 + 15 bonus,20 + 15 bonus,15 + 5 bonus,1,1,Unknown,0.025,Never,"[{""item"": ""Bones"", ""quantity"": ""1"", ""rarity"": ""Always""}, {""item"": ""Coins"", ""quantity"": ""10"", ""rarity"": ""1/4""}, {""item"": ""Coins"", ""quantity"": ""20"", ""rarity"": ""1/10""}, {""item"": ""Scroll (IOU)"", ""quantity"": ""8"", ""rarity"": ""1/10""}, {""item"": ""Pine Scroll (IOU)"", ""quantity"": ""5"", ""rarity"": ""1/20""}, {""item"": ""Oak Scroll (IOU)"", ""quantity"": ""2"", ""rarity"": ""1/20""}, {""item"": ""Coins"", ""quantity"": ""25"", ""rarity"": ""1/20""}, {""item"": ""Fire Scroll"", ""quantity"": ""5"", ""rarity"": ""1/20""}, {""item"": ""Water Scroll"", ""quantity"": ""5"", ""rarity"": ""1/20""}, {""item"": ""Nature Scroll"", ""quantity"": ""5"", ""rarity"": ""1/20""}, {""item"": ""Fury Scroll"", ""quantity"": ""4"", ""rarity"": ""1/20""}, {""item"": ""Rage Scroll"", ""quantity"": ""2"", ""rarity"": ""1/25""}, {""item"": ""Warp Scroll"", ""quantity"": ""2"", ""rarity"": ""1/40""}, {""item"": ""Alchemy Scroll"", ""quantity"": ""2"", ""rarity"": ""1/40""}, {""item"": ""Lucky Scroll (IOU)"", ""quantity"": ""2"", ""rarity"": ""1/40""}, {""item"": ""Acorn"", ""quantity"": ""1"", ""rarity"": ""1/100""}, {""item"": ""Steel Helm"", ""quantity"": ""1"", ""rarity"": ""1/100""}, {""item"": ""Steel Longsword"", ""quantity"": ""1"", ""rarity"": ""1/118""}, {""item"": ""Steel Gloves"", ""quantity"": ""1"", ""rarity"": ""1/118""}, {""item"": ""Emerald Necklace"", ""quantity"": ""1"", ""rarity"": ""1/118""}, {""item"": ""Steel Shield"", ""quantity"": ""1"", ""rarity"": ""1/200""}, {""item"": ""Steel Platelegs"", ""quantity"": ""1"", ""rarity"": ""1/200""}, {""item"": ""Gnome's Hat"", ""quantity"": ""1"", ""rarity"": ""1/200""}]",[]
Fire Dragon,https://highspell.fandom.com/wiki/Fire_Dragon,131,130,?,Yes,110,110,110 + 85 bonus,90,1,1,30s,0.025,0.025,"[{""item"": ""Giant Bones"", ""quantity"": ""1"", ""rarity"": ""Always""}, {""item"": ""Coins"", ""quantity"": ""25"", ""rarity"": ""1/10""}, {""item"": ""Coins"", ""quantity"": ""50"", ""rarity"": ""1/10""}, {""item"": ""Fire Scroll"", ""quantity"": ""15"", ""rarity"": ""1/10""}, {""item"": ""Fury Scroll"", ""quantity"": ""10"", ""rarity"": ""1/13.3""}, {""item"": ""Coins"", ""quantity"": ""100"", ""rarity"": ""1/20""}, {""item"": ""Cherry Logs"", ""quantity"": ""5"", ""rarity"": ""1/20""}, {""item"": ""Alchemy Scroll"", ""quantity"": ""3"", ""rarity"": ""1/20""}, {""item"": ""Red Cape"", ""quantity"": ""1"", ""rarity"": ""1/20""}, {""item"": ""Marlin"", ""quantity"": ""1"", ""rarity"": ""1/20""}, {""item"": ""Fire Scroll"", ""quantity"": ""30"", ""rarity"": ""1/20""}, {""item"": ""Rage Scroll"", ""quantity"": ""10"", ""rarity"": ""1/20""}, {""item"": ""Alchemy Scroll"", ""quantity"": ""7"", ""rarity"": ""1/20""}, {""item"": ""Rare Loot Table"", ""quantity"": """", ""rarity"": ""1/40""}, {""item"": ""High Root Table"", ""quantity"": """", ""rarity"": ""1/40""}, {""item"": ""Palladium Full Helm"", ""quantity"": ""1"", ""rarity"": ""1/40""}, {""item"": ""Warp Scroll"", ""quantity"": ""5"", ""rarity"": ""1/40""}, {""item"": ""Lucky Logs"", ""quantity"": ""10"", ""rarity"": ""1/40""}, {""item"": ""Cooked Chicken"", ""quantity"": ""1"", ""rarity"": ""1/50""}, {""item"": ""Palladium Longsword"", ""quantity"": ""1"", ""rarity"": ""1/50""}, {""item"": ""Sakura Scroll"", ""quantity"": ""15"", ""rarity"": ""1/50""}, {""item"": ""Palladium Arrows"", ""quantity"": ""15"", ""rarity"": ""1/50""}, {""item"": ""Potion of Strength (2)"", ""quantity"": ""1"", ""rarity"": ""1/50""}, {""item"": ""Blood Scroll"", ""quantity"": ""2"", ""rarity"": ""1/100""}, {""item"": ""Ruby"", ""quantity"": ""1"", ""rarity"": ""1/100""}, {""item"": ""Coronium Arrows"", ""quantity"": ""10"", ""rarity"": ""1/100""}, {""item"": ""Coronium Bar"", ""quantity"": ""2"", ""rarity"": ""1/200""}, {""item"": ""Deadwood Logs"", ""quantity"": ""5"", ""rarity"": ""1/200""}, {""item"": ""Deadwood Bow"", ""quantity"": ""1"", ""rarity"": ""1/200""}, {""item"": ""Coronium Chainmail"", ""quantity"": ""1"", ""rarity"": ""1/666.6""}, {""item"": ""Celadon Full Helmet"", ""quantity"": ""1"", ""rarity"": ""1/2000""}, {""item"": ""Helmet of Melee"", ""quantity"": ""1"", ""rarity"": ""1/5000""}, {""item"": ""Celadon Chestplate"", ""quantity"": ""1"", ""rarity"": ""1/5000""}]",[]
Fisherman,https://highspell.fandom.com/wiki/Fisherman,8,12,???,No,5,5,5,1,1,1,Unknown,No,No,"[{""item"": ""Bones"", ""quantity"": ""1"", ""rarity"": ""Always"", ""chance"": """"}, {""item"": ""Basic Rod"", ""quantity"": ""1"", ""rarity"": ""Always"", ""chance"": """"}, {""item"": ""Coins"", ""quantity"": ""3"", ""rarity"": ""0.5"", ""chance"": ""12{2}}""}, {""item"": ""Raw Bass"", ""quantity"": ""1"", ""rarity"": ""0.25"", ""chance"": ""14{4}}""}, {""item"": ""Raw Bluegill"", ""quantity"": ""1"", ""rarity"": ""0.1"", ""chance"": ""110{10}}""}, {""item"": ""Logs"", ""quantity"": ""1"", ""rarity"": ""0.05"", ""chance"": ""120{20}}""}, {""item"": ""Raw Crab"", ""quantity"": ""1"", ""rarity"": ""0.025"", ""chance"": ""140{40}}""}, {""item"": ""Raw Tuna"", ""quantity"": ""1"", ""rarity"": ""0.025"", ""chance"": ""140{40}}""}, {""item"": ""Great Rod"", ""quantity"": ""1"", ""rarity"": ""0.02"", ""chance"": ""150{50}}""}, {""item"": ""Potion of Fishing (1)"", ""quantity"": ""1"", ""rarity"": ""0.01"", ""chance"": ""1100{100}}""}, {""item"": ""Starfish"", ""quantity"": ""1"", ""rarity"": ""0.01"", ""chance"": ""1100{100}}""}]",[]
Forest giant,https://highspell.fandom.com/wiki/Forest_giant,58,75,???,Yes,45 + 42 bonus,45 + 42 bonus,45 + 30 bonus,1,1,1,Unknown,1/50,1/4,"[{""item"": ""Giant Bones"", ""quantity"": ""1"", ""rarity"": ""Always""}, {""item"": ""High Root Loot Table"", ""quantity"": """", ""rarity"": ""1/4""}, {""item"": ""Coins"", ""quantity"": ""10"", ""rarity"": ""1/6.6""}, {""item"": ""Coins"", ""quantity"": ""20"", ""rarity"": ""1/6.6""}, {""item"": ""Leaf"", ""quantity"": ""1"", ""rarity"": ""1/10""}, {""item"": ""Iron Bar"", ""quantity"": ""1"", ""rarity"": ""1/13.3""}, {""item"": ""Nature Scroll"", ""quantity"": ""1"", ""rarity"": ""1/16.6""}, {""item"": ""Nature Scroll"", ""quantity"": ""2"", ""rarity"": ""1/20""}, {""item"": ""Steak"", ""quantity"": ""1"", ""rarity"": ""1/20""}, {""item"": ""Seaweed"", ""quantity"": ""1"", ""rarity"": ""1/20""}, {""item"": ""Fury Scroll"", ""quantity"": ""5"", ""rarity"": ""1/20""}, {""item"": ""Rage Scroll"", ""quantity"": ""3"", ""rarity"": ""1/25""}, {""item"": ""Nature Scroll"", ""quantity"": ""3"", ""rarity"": ""1/25""}, {""item"": ""Alchemy Scroll"", ""quantity"": ""2"", ""rarity"": ""1/50""}, {""item"": ""Warp Scroll"", ""quantity"": ""2"", ""rarity"": ""1/50""}, {""item"": ""Iron Shield"", ""quantity"": ""1"", ""rarity"": ""1/50""}, {""item"": ""Rare Loot Table"", ""quantity"": """", ""rarity"": ""1/50""}, {""item"": ""Iron Great Sword"", ""quantity"": ""1"", ""rarity"": ""1/100""}, {""item"": ""Emerald Necklace"", ""quantity"": ""1"", ""rarity"": ""1/133.3""}, {""item"": ""Pinecone"", ""quantity"": ""1"", ""rarity"": ""1/66.6""}, {""item"": ""Acorn"", ""quantity"": ""1"", ""rarity"": ""1/66.6""}, {""item"": ""Helmet of Ranging"", ""quantity"": ""1"", ""rarity"": ""1/10,000""}]",[]
Forest Warrior,https://highspell.fandom.com/wiki/Forest_warrior,49,60,???,Yes,40 + 36 bonus,40 + 36 bonus,40 + 36 bonus,1,1,1,Unknown,0.02,0.05,"[{""item"": ""Bones"", ""quantity"": ""1"", ""rarity"": ""Always""}, {""item"": ""Medium Root Loot Table"", ""quantity"": """", ""rarity"": ""1/2""}, {""item"": ""Coins"", ""quantity"": ""20"", ""rarity"": ""1/6.6""}, {""item"": ""Nature scroll"", ""quantity"": ""5"", ""rarity"": ""1/10""}, {""item"": ""Bronze Helm"", ""quantity"": ""1"", ""rarity"": ""1/25""}, {""item"": ""Nature Scroll"", ""quantity"": ""10"", ""rarity"": ""1/40""}, {""item"": ""Bronze Platelegs"", ""quantity"": ""1"", ""rarity"": ""1/40""}, {""item"": ""Bronze Battleaxe"", ""quantity"": ""1"", ""rarity"": ""1/50""}, {""item"": ""Rare Loot Table"", ""quantity"": """", ""rarity"": ""1/50""}, {""item"": ""Pinecone"", ""quantity"": ""1"", ""rarity"": ""1/66.6""}, {""item"": ""Acorn"", ""quantity"": ""1"", ""rarity"": ""1/66.6""}, {""item"": ""Helmet of Ranging"", ""quantity"": ""1"", ""rarity"": ""1/16,000""}]",[]
Frost Giant,https://highspell.fandom.com/wiki/Frost_giant,73,85,???,Yes,60 + 25 bonus,60 + 35 bonus,55 + 20 bonus,1,1,1,Unknown,0.04,0.075,"[{""item"": ""Giant Bones"", ""quantity"": ""1"", ""rarity"": ""Always""}, {""item"": ""Coins"", ""quantity"": ""15"", ""rarity"": ""1/4""}, {""item"": ""Coins"", ""quantity"": ""25"", ""rarity"": ""1/10""}, {""item"": ""Water Scroll"", ""quantity"": ""15"", ""rarity"": ""1/13.3""}, {""item"": ""High Root Loot Table"", ""quantity"": """", ""rarity"": ""1/13.3""}, {""item"": ""Coins"", ""quantity"": ""70"", ""rarity"": ""1/20""}, {""item"": ""Coal"", ""quantity"": ""1"", ""rarity"": ""1/20""}, {""item"": ""Pine Logs (IOU)"", ""quantity"": ""7"", ""rarity"": ""1/20""}, {""item"": ""Palladium Arrows"", ""quantity"": ""3"", ""rarity"": ""1/20""}, {""item"": ""Rare Loot Table"", ""quantity"": """", ""rarity"": ""1/25""}, {""item"": ""Grapes"", ""quantity"": ""1"", ""rarity"": ""1/25""}, {""item"": ""Rage Scroll"", ""quantity"": ""8"", ""rarity"": ""1/25""}, {""item"": ""Warp Scroll"", ""quantity"": ""2"", ""rarity"": ""1/33.3""}, {""item"": ""Blue Cape"", ""quantity"": ""1"", ""rarity"": ""1/40""}, {""item"": ""Giant Bones"", ""quantity"": ""1"", ""rarity"": ""1/40""}, {""item"": ""Raw Marlin"", ""quantity"": ""1"", ""rarity"": ""1/40""}, {""item"": ""Iron Great Sword"", ""quantity"": ""1"", ""rarity"": ""1/40""}, {""item"": ""Pine Bow"", ""quantity"": ""1"", ""rarity"": ""1/40""}, {""item"": ""Unstrung Pine Bow (IOU)"", ""quantity"": ""5"", ""rarity"": ""1/40""}, {""item"": ""Palladium Bar"", ""quantity"": ""1"", ""rarity"": ""1/50""}, {""item"": ""Palladium Hatchet"", ""quantity"": ""1"", ""rarity"": ""1/50""}, {""item"": ""Potion of Magic (2)"", ""quantity"": ""1"", ""rarity"": ""1/50""}, {""item"": ""Palladium Shield"", ""quantity"": ""1"", ""rarity"": ""1/100""}, {""item"": ""Sapphire Necklace"", ""quantity"": ""1"", ""rarity"": ""1/100""}, {""item"": ""Palladium Battleaxe"", ""quantity"": ""1"", ""rarity"": ""1/100""}, {""item"": ""Palladium Chestplate"", ""quantity"": ""1"", ""rarity"": ""1/200""}, {""item"": ""Helmet of Magic"", ""quantity"": ""1"", ""rarity"": ""1/10,000""}]",[]
Frost Warrior,https://highspell.fandom.com/wiki/Frost_warrior,59,68,9,Yes,50 + 20 bonus,50 + 25 bonus,50 + 20 bonus,1,1,1,Unknown,0.025,0.075,"[{""item"": ""Bones"", ""quantity"": ""1"", ""rarity"": ""Always""}, {""item"": ""Coins"", ""quantity"": ""10"", ""rarity"": ""1/3.3""}, {""item"": ""Coins"", ""quantity"": ""40"", ""rarity"": ""1/10""}, {""item"": ""Coins"", ""quantity"": ""75"", ""rarity"": ""1/16.6""}, {""item"": ""Coins"", ""quantity"": ""37"", ""rarity"": ""1/20""}, {""item"": ""Raw Bluegill"", ""quantity"": ""1"", ""rarity"": ""1/20""}, {""item"": ""Pine Logs"", ""quantity"": ""1"", ""rarity"": ""1/20""}, {""item"": ""Water Scroll"", ""quantity"": ""10"", ""rarity"": ""1/20""}, {""item"": ""Coins"", ""quantity"": ""125"", ""rarity"": ""1/25""}, {""item"": ""Palladium Ore (IOU)"", ""quantity"": ""1"", ""rarity"": ""1/25""}, {""item"": ""Pine Scroll (IOU)"", ""quantity"": ""5"", ""rarity"": ""1/33.3""}, {""item"": ""Palladium Arrows"", ""quantity"": ""5"", ""rarity"": ""1/40""}, {""item"": ""Warp Scroll"", ""quantity"": ""1"", ""rarity"": ""1/40""}, {""item"": ""Palladium Arrowheads"", ""quantity"": ""10"", ""rarity"": ""1/40""}, {""item"": ""Iron Battleaxe"", ""quantity"": ""1"", ""rarity"": ""1/40""}, {""item"": ""Rare Loot Table"", ""quantity"": """", ""rarity"": ""1/40""}, {""item"": ""Palladium Helm"", ""quantity"": ""1"", ""rarity"": ""1/50""}, {""item"": ""Palladium Full Helm"", ""quantity"": ""1"", ""rarity"": ""1/66.6""}, {""item"": ""Palladium Platelegs"", ""quantity"": ""1"", ""rarity"": ""1/100""}, {""item"": ""Sapphire Gem"", ""quantity"": ""1"", ""rarity"": ""1/100""}, {""item"": ""Silver Bar"", ""quantity"": ""1"", ""rarity"": ""1/100""}, {""item"": ""Grapes"", ""quantity"": ""1"", ""rarity"": ""1/100""}, {""item"": ""Helmet of Magic"", ""quantity"": ""1"", ""rarity"": ""1/16,000""}]",[]
Ghost,https://highspell.fandom.com/wiki/Ghost,20,20,???,No,10,10,8 + 5 bonus,1,1,1,Unknown,0.025,Never,"[{""item"": ""N/A"", ""quantity"": ""N/A"", ""rarity"": ""N/A""}]",[]
Giant Hell Rat,https://highspell.fandom.com/wiki/Giant_hell_rat,66,60,???,Yes,50,60,50,1,1,1,Unknown,0.02,No,"[{""item"": ""Bones"", ""quantity"": ""1"", ""rarity"": ""Always""}, {""item"": ""Rodent Meat"", ""quantity"": ""1"", ""rarity"": ""0.15""}]",[]
Giant Skeleton,https://highspell.fandom.com/wiki/Giant_skeleton,60,55,???,Yes,40 + 10 bonus,50 + 10 bonus,35 + 20 bonus,1,1,1,Unknown,0.025,0.075,"[{""item"": ""Giant Bones"", ""quantity"": ""1"", ""rarity"": ""Always""}, {""item"": ""Coins"", ""quantity"": ""10"", ""rarity"": ""0.25""}, {""item"": ""Coins"", ""quantity"": ""25"", ""rarity"": ""0.1""}, {""item"": ""Coins"", ""quantity"": ""50"", ""rarity"": ""0.05""}, {""item"": ""Grapes"", ""quantity"": ""1"", ""rarity"": ""0.05""}, {""item"": ""Iron Ore (IOU)"", ""quantity"": ""2"", ""rarity"": ""0.05""}, {""item"": ""Great Rod"", ""quantity"": ""1"", ""rarity"": ""0.05""}, {""item"": ""Bronze Battleaxe"", ""quantity"": ""1"", ""rarity"": ""0.05""}, {""item"": ""Coal (IOU)"", ""quantity"": ""2"", ""rarity"": ""0.04""}, {""item"": ""Steel Gloves"", ""quantity"": ""1"", ""rarity"": ""0.035""}, {""item"": ""Iron Helm"", ""quantity"": ""1"", ""rarity"": ""0.025""}, {""item"": ""Steel Battleaxe"", ""quantity"": ""1"", ""rarity"": ""0.025""}, {""item"": ""Warp Scroll"", ""quantity"": ""3"", ""rarity"": ""0.025""}, {""item"": ""String (IOU)"", ""quantity"": ""5"", ""rarity"": ""0.025""}, {""item"": ""Iron Arrows"", ""quantity"": ""5"", ""rarity"": ""0.025""}, {""item"": ""Steel Bar"", ""quantity"": ""1"", ""rarity"": ""0.025""}, {""item"": ""Piranha"", ""quantity"": ""1"", ""rarity"": ""0.025""}, {""item"": ""Potion of Defence (1)"", ""quantity"": ""1"", ""rarity"": ""0.025""}, {""item"": ""Giant Bones"", ""quantity"": ""1"", ""rarity"": ""0.025""}, {""item"": ""Iron Chainmail Body"", ""quantity"": ""1"", ""rarity"": ""0.02""}, {""item"": ""Steel Full Helm"", ""quantity"": ""1"", ""rarity"": ""0.021""}, {""item"": ""Steel Hatchet"", ""quantity"": ""1"", ""rarity"": ""0.02""}, {""item"": ""Steel Shield"", ""quantity"": ""1"", ""rarity"": ""0.01""}, {""item"": ""Emerald Necklace"", ""quantity"": ""1"", ""rarity"": ""0.0075""}, {""item"": ""Topaz Necklace"", ""quantity"": ""1"", ""rarity"": ""0.005""}]",[]
Giant,https://highspell.fandom.com/wiki/Giant,43,55,???,Yes,40 + 5 bonus,45 + 5 bonus,30 + 5 bonus,1,1,1,Unknown,0.02,0.075,"[{""item"": ""Giant Bones"", ""quantity"": ""1"", ""rarity"": ""Always"", ""chance"": ""11{1}}""}, {""item"": ""Coins"", ""quantity"": ""20"", ""rarity"": ""0.15"", ""chance"": ""16.667{6.667}}}""}, {""item"": ""Energy Scroll"", ""quantity"": ""3"", ""rarity"": ""0.15"", ""chance"": ""16.667{6.667}}}""}, {""item"": ""Raw Bass"", ""quantity"": ""1"", ""rarity"": ""0.1"", ""chance"": ""110{10}}""}, {""item"": ""Bass"", ""quantity"": ""1"", ""rarity"": ""0.1"", ""chance"": ""110{10}}""}, {""item"": ""Iron Ore"", ""quantity"": ""1"", ""rarity"": ""0.09"", ""chance"": ""111.111{11.111}}}""}, {""item"": ""Low Root Table"", ""quantity"": """", ""rarity"": """", ""chance"": ""113.333{13.333}}}""}, {""item"": ""Coins"", ""quantity"": ""80"", ""rarity"": ""0.05"", ""chance"": ""120{20}}""}, {""item"": ""Water Scroll"", ""quantity"": ""5"", ""rarity"": ""0.05"", ""chance"": ""120{20}}""}, {""item"": ""Great Rod"", ""quantity"": ""1"", ""rarity"": ""0.04"", ""chance"": ""125{25}}""}, {""item"": ""Potato"", ""quantity"": ""1"", ""rarity"": ""0.0275"", ""chance"": ""136.364{36.364}}}""}, {""item"": ""Oak Logs (IOU)"", ""quantity"": ""3"", ""rarity"": ""0.025"", ""chance"": ""140{40}}""}, {""item"": ""Giant's Milk"", ""quantity"": ""1"", ""rarity"": ""0.025"", ""chance"": ""140{40}}""}, {""item"": ""Iron Hatchet"", ""quantity"": ""1"", ""rarity"": ""0.025"", ""chance"": ""140{40}}""}, {""item"": ""Iron Bar (IOU)"", ""quantity"": ""1"", ""rarity"": ""0.02"", ""chance"": ""150{50}}""}, {""item"": ""Coal (IOU)"", ""quantity"": ""2"", ""rarity"": ""0.02"", ""chance"": ""150{50}}""}, {""item"": ""Rare Loot Table"", ""quantity"": """", ""rarity"": ""0.02"", ""chance"": ""150{50}}""}, {""item"": ""Half Calcium Brew"", ""quantity"": ""1"", ""rarity"": ""0.0125"", ""chance"": ""180{80}}}""}, {""item"": ""Iron Battleaxe"", ""quantity"": ""1"", ""rarity"": ""0.01"", ""chance"": ""1100{100}}""}, {""item"": ""Iron Longsword"", ""quantity"": ""1"", ""rarity"": ""0.01"", ""chance"": ""1100{100}}""}, {""item"": ""Iron Pickaxe"", ""quantity"": ""1"", ""rarity"": ""0.01"", ""chance"": ""1100{100}}""}, {""item"": ""Iron Helm"", ""quantity"": ""1"", ""rarity"": ""0.01"", ""chance"": ""1100{100}}""}, {""item"": ""Iron Full Helm"", ""quantity"": ""1"", ""rarity"": ""0.0075"", ""chance"": ""1133.333{133.333}}}""}, {""item"": ""Iron Platelegs"", ""quantity"": ""1"", ""rarity"": ""0.0075"", ""chance"": ""1133.333{133.333}}}""}, {""item"": ""Iron Shield"", ""quantity"": ""1"", ""rarity"": ""0.006"", ""chance"": ""1166.667{166.667}}}""}, {""item"": ""Iron Great Sword"", ""quantity"": ""1"", ""rarity"": ""0.006"", ""chance"": ""1166.667{166.667}}}""}, {""item"": ""Iron Chestplate"", ""quantity"": ""1"", ""rarity"": ""0.005"", ""chance"": ""1200{200}}""}, {""item"": ""Emerald Necklace"", ""quantity"": ""1"", ""rarity"": ""0.005"", ""chance"": ""1200{200}}""}]",[]
Gnome,https://highspell.fandom.com/wiki/Gnome,8,12,???,No,5,5,6,10 + 5 bonus,1,1,Unknown,Unknown,Unknown,"[{""item"": ""Bones"", ""quantity"": ""1"", ""rarity"": ""Always""}, {""item"": ""Coins"", ""quantity"": ""4"", ""rarity"": ""0.4""}, {""item"": ""Scroll"", ""quantity"": ""1"", ""rarity"": ""0.1""}, {""item"": ""Coins"", ""quantity"": ""8"", ""rarity"": ""0.075""}, {""item"": ""Raw Bass"", ""quantity"": ""1"", ""rarity"": ""0.075""}, {""item"": ""Logs"", ""quantity"": ""1"", ""rarity"": ""0.05""}, {""item"": ""Fire Scroll"", ""quantity"": ""1"", ""rarity"": ""0.05""}, {""item"": ""Water Scroll"", ""quantity"": ""1"", ""rarity"": ""0.05""}, {""item"": ""Nature Scroll"", ""quantity"": ""1"", ""rarity"": ""0.05""}, {""item"": ""Bass"", ""quantity"": ""1"", ""rarity"": ""0.025""}, {""item"": ""Empty Glass"", ""quantity"": ""1"", ""rarity"": ""0.025""}, {""item"": ""Corn"", ""quantity"": ""1"", ""rarity"": ""0.025""}, {""item"": ""Coins"", ""quantity"": ""11"", ""rarity"": ""0.025""}, {""item"": ""Gnome's Hat"", ""quantity"": ""1"", ""rarity"": ""0.2""}, {""item"": ""Amethyst Necklace"", ""quantity"": ""1"", ""rarity"": ""0.1""}]",[]
Goblin (Lvl 12 Melee),https://highspell.fandom.com/wiki/Goblin_(Lvl_12_Melee),12,12,???,No,10,12,8,1,1,1,Unknown,0.01,0.05,"[{""item"": ""Bones"", ""quantity"": ""1"", ""rarity"": ""Always""}, {""item"": ""Coins"", ""quantity"": ""3"", ""rarity"": ""0.5""}, {""item"": ""Copper Ore"", ""quantity"": ""1"", ""rarity"": ""0.1""}, {""item"": ""Tin Ore"", ""quantity"": ""1"", ""rarity"": ""0.1""}, {""item"": ""Bronze Hatchet"", ""quantity"": ""1"", ""rarity"": ""0.05""}, {""item"": ""Bronze Helm"", ""quantity"": ""1"", ""rarity"": ""0.05""}, {""item"": ""Raw Rodent Meat"", ""quantity"": ""1"", ""rarity"": ""0.05""}, {""item"": ""Logs"", ""quantity"": ""1"", ""rarity"": ""0.05""}, {""item"": ""Beer"", ""quantity"": ""1"", ""rarity"": ""0.03""}, {""item"": ""Chef's Hat"", ""quantity"": ""1"", ""rarity"": ""0.02""}, {""item"": ""Witch's Hat"", ""quantity"": ""1"", ""rarity"": ""0.02""}, {""item"": ""Staff"", ""quantity"": ""1"", ""rarity"": ""0.02""}]",[]
Goblin (Lvl 12 Archer),https://highspell.fandom.com/wiki/Goblin_(Lvl_12_Archer),12,12,???,Yes,10,12,8,1,10 + 5 bonus,1,Unknown,0.01,0.05,"[{""item"": ""Bones"", ""quantity"": ""1"", ""rarity"": ""Always""}, {""item"": ""Coins"", ""quantity"": ""3"", ""rarity"": ""0.5""}, {""item"": ""Bronze Arrowheads"", ""quantity"": ""5"", ""rarity"": ""0.05""}, {""item"": ""Headless Arrows"", ""quantity"": ""5"", ""rarity"": ""0.05""}, {""item"": ""Wooden Bow"", ""quantity"": ""1"", ""rarity"": ""0.05""}, {""item"": ""Unstrung Bow"", ""quantity"": ""1"", ""rarity"": ""0.05""}, {""item"": ""String (IOU)"", ""quantity"": ""3"", ""rarity"": ""0.05""}, {""item"": ""Bronze Arrows"", ""quantity"": ""5"", ""rarity"": ""0.04""}, {""item"": ""Raw Rodent Meat"", ""quantity"": ""1"", ""rarity"": ""0.035""}, {""item"": ""Copper Ore"", ""quantity"": ""1"", ""rarity"": ""0.035""}, {""item"": ""Tin Ore"", ""quantity"": ""1"", ""rarity"": ""0.035""}, {""item"": ""Chef's Hat"", ""quantity"": ""1"", ""rarity"": ""0.02""}, {""item"": ""Witch's Hat"", ""quantity"": ""1"", ""rarity"": ""0.02""}]",[]
Goblin (Lvl 24),https://highspell.fandom.com/wiki/Goblin_(Lvl_24),24,24,???,Yes,20,24,20,1,1,1,Unknown,0.015,0.1,"[{""item"": ""Bones"", ""quantity"": ""1"", ""rarity"": ""Always""}, {""item"": ""Coins"", ""quantity"": ""5"", ""rarity"": ""0.3""}, {""item"": ""Coins"", ""quantity"": ""8"", ""rarity"": ""0.2""}, {""item"": ""Tomato"", ""quantity"": ""1"", ""rarity"": ""0.05""}, {""item"": ""Copper Ore"", ""quantity"": ""1"", ""rarity"": ""0,05""}, {""item"": ""Tin Ore"", ""quantity"": ""1"", ""rarity"": ""0.05""}, {""item"": ""Iron Ore"", ""quantity"": ""1"", ""rarity"": ""0.05""}, {""item"": ""Bronze Longsword"", ""quantity"": ""1"", ""rarity"": ""0.05""}, {""item"": ""Bronze Gloves"", ""quantity"": ""1"", ""rarity"": ""0.05""}, {""item"": ""Bronze Helm"", ""quantity"": ""1"", ""rarity"": ""0.05""}, {""item"": ""Rodent Meat"", ""quantity"": ""1"", ""rarity"": ""0.05""}, {""item"": ""Beer"", ""quantity"": ""1"", ""rarity"": ""0.03""}, {""item"": ""Chef's Hat"", ""quantity"": ""1"", ""rarity"": ""0.02""}, {""item"": ""Bronze Bar"", ""quantity"": ""1"", ""rarity"": ""0.02""}, {""item"": ""Hammer"", ""quantity"": ""1"", ""rarity"": ""0.02""}]",[]
Goblin (Lvl 38),https://highspell.fandom.com/wiki/Goblin_(Lvl_38),38,40,???,Yes,30,40,28,1,1,1,Unknown,0.015,0.1,"[{""item"": ""Bones"", ""quantity"": ""1"", ""rarity"": ""Always""}, {""item"": ""Coins"", ""quantity"": ""7"", ""rarity"": ""0.35""}, {""item"": ""Coins"", ""quantity"": ""10"", ""rarity"": ""0.1""}, {""item"": ""Coins"", ""quantity"": ""15"", ""rarity"": ""0.05""}, {""item"": ""Grapes"", ""quantity"": ""1"", ""rarity"": ""0.05""}, {""item"": ""Coal"", ""quantity"": ""1"", ""rarity"": ""0.05""}, {""item"": ""Iron Ore"", ""quantity"": ""1"", ""rarity"": ""0.05""}, {""item"": ""Bronze Battleaxe"", ""quantity"": ""1"", ""rarity"": ""0.05""}, {""item"": ""Bronze Gloves"", ""quantity"": ""1"", ""rarity"": ""0.05""}, {""item"": ""Bronze Shield"", ""quantity"": ""1"", ""rarity"": ""0.05""}, {""item"": ""Raw Walleye"", ""quantity"": ""1"", ""rarity"": ""0.03""}, {""item"": ""Beer"", ""quantity"": ""1"", ""rarity"": ""0.03""}, {""item"": ""Great Rod"", ""quantity"": ""1"", ""rarity"": ""0.02""}, {""item"": ""Green Cape"", ""quantity"": ""1"", ""rarity"": ""0.02""}, {""item"": ""Chef's Hat"", ""quantity"": ""1"", ""rarity"": ""0.02""}, {""item"": ""Steel Bar"", ""quantity"": ""1"", ""rarity"": ""0.02""}, {""item"": ""Hammer"", ""quantity"": ""1"", ""rarity"": ""0.02""}]",[]
Guard (Lvl 10),https://highspell.fandom.com/wiki/Guard_(Lvl_10),10,16,???,No,5 + 2 bonus,5,7 + 10 bonus,1,1,1,Unknown,0.01,Never,"[{""item"": ""Bones"", ""quantity"": ""1"", ""rarity"": ""Always""}, {""item"": ""Coins"", ""quantity"": ""3"", ""rarity"": ""0.25""}, {""item"": ""Coins"", ""quantity"": ""5"", ""rarity"": ""0.15""}, {""item"": ""Coins"", ""quantity"": ""10"", ""rarity"": ""0.1""}, {""item"": ""Raw Bass"", ""quantity"": ""1"", ""rarity"": ""0.1""}, {""item"": ""Logs (IOU)"", ""quantity"": ""1"", ""rarity"": ""0.1""}, {""item"": ""Bass"", ""quantity"": ""1"", ""rarity"": ""0.05""}, {""item"": ""Leaf"", ""quantity"": ""1"", ""rarity"": ""0.05""}, {""item"": ""Iron Helm"", ""quantity"": ""1"", ""rarity"": ""0.05""}, {""item"": ""Iron Gloves"", ""quantity"": ""1"", ""rarity"": ""0.05""}, {""item"": ""Iron Ore (IOU)"", ""quantity"": ""1"", ""rarity"": ""0.05""}]",[]
Guard (Lvl 18),https://highspell.fandom.com/wiki/Guard_(Lvl_18),18,22,???,No,14 + 3 bonus,15 + 3 bonus,12 + 10 bonus,1,1,1,Unknown,0.01,Never,"[{""item"": ""Bones"", ""quantity"": ""1"", ""rarity"": ""Always""}, {""item"": ""Coins"", ""quantity"": ""5"", ""rarity"": ""0.25""}, {""item"": ""Coins"", ""quantity"": ""7"", ""rarity"": ""0.15""}, {""item"": ""Coins"", ""quantity"": ""10"", ""rarity"": ""0.1""}, {""item"": ""Coins"", ""quantity"": ""15"", ""rarity"": ""0.05""}, {""item"": ""Bass"", ""quantity"": ""1"", ""rarity"": ""0.05""}, {""item"": ""Scroll"", ""quantity"": ""1"", ""rarity"": ""0.05""}, {""item"": ""Pine Scroll"", ""quantity"": ""1"", ""rarity"": ""0.05""}, {""item"": ""Bronze Longsword"", ""quantity"": ""1"", ""rarity"": ""0.05""}, {""item"": ""Bronze Helm"", ""quantity"": ""1"", ""rarity"": ""0.05""}, {""item"": ""Bronze Pickaxe"", ""quantity"": ""1"", ""rarity"": ""0.04""}, {""item"": ""Bronze Bar (IOU)"", ""quantity"": ""1"", ""rarity"": ""0.04""}, {""item"": ""Chisel"", ""quantity"": ""1"", ""rarity"": ""0.025""}, {""item"": ""Hammer"", ""quantity"": ""1"", ""rarity"": ""0.025""}]",[]
Suit of Armour (Lvl 28),https://highspell.fandom.com/wiki/Headless_Warrior_(Lvl_30,30,30,???,No,20 + 10 bonus,20 + 10 bonus,20 + 15 bonus,1,1,1,Unknown,0.01,Never,"[{""item"": ""Coins"", ""quantity"": ""5"", ""rarity"": ""0.25""}, {""item"": ""Coins"", ""quantity"": ""10"", ""rarity"": ""0.2""}, {""item"": ""Coins"", ""quantity"": ""15"", ""rarity"": ""0.05""}, {""item"": ""Raw beef"", ""quantity"": ""1"", ""rarity"": ""0.05""}, {""item"": ""Iron ore"", ""quantity"": ""1"", ""rarity"": ""0.05""}, {""item"": ""Copper ore"", ""quantity"": ""1"", ""rarity"": ""0,05""}, {""item"": ""Tin ore"", ""quantity"": ""1"", ""rarity"": ""0.05""}, {""item"": ""Pine logs"", ""quantity"": ""1"", ""rarity"": ""0.05""}, {""item"": ""Corn"", ""quantity"": ""1"", ""rarity"": ""0.05""}, {""item"": ""Bronze gloves"", ""quantity"": ""1"", ""rarity"": ""0.05""}, {""item"": ""Bronze longsword"", ""quantity"": ""1"", ""rarity"": ""0.04""}, {""item"": ""Bluegill"", ""quantity"": ""1"", ""rarity"": ""0.025""}, {""item"": ""Coal(IOU)"", ""quantity"": ""1"", ""rarity"": ""0.02""}, {""item"": ""Bronze platelegs"", ""quantity"": ""1"", ""rarity"": ""0.01""}, {""item"": ""Bronze chestplate"", ""quantity"": ""1"", ""rarity"": ""0.0075""}]",[]
Suit of Armour (Lvl 44),https://highspell.fandom.com/wiki/Headless_Warrior_(Lvl_44),44,45,???,Yes,30 + 20 bonus,30 + 25 bonus,35 + 35 bonus,1,1,1,Unknown,0.015,Never,"[{""item"": ""Coins"", ""quantity"": ""5"", ""rarity"": ""0.25""}, {""item"": ""Coins"", ""quantity"": ""15"", ""rarity"": ""0.15""}, {""item"": ""Coins"", ""quantity"": ""20"", ""rarity"": ""0.05""}, {""item"": ""Raw Beef"", ""quantity"": ""1"", ""rarity"": ""0.05""}, {""item"": ""Iron Ore"", ""quantity"": ""1"", ""rarity"": ""0.05""}, {""item"": ""IOU Copper Ore"", ""quantity"": ""1"", ""rarity"": ""0.05""}, {""item"": ""IOU Tin Ore"", ""quantity"": ""1"", ""rarity"": ""0.05""}, {""item"": ""IOU PineLogs"", ""quantity"": ""1"", ""rarity"": ""0.05""}, {""item"": ""Corn"", ""quantity"": ""1"", ""rarity"": ""0.05""}, {""item"": ""Iron Gloves"", ""quantity"": ""1"", ""rarity"": ""0.05""}, {""item"": ""Iron Longsword"", ""quantity"": ""1"", ""rarity"": ""0.04""}, {""item"": ""Bluegill"", ""quantity"": ""1"", ""rarity"": ""0.025""}, {""item"": ""IOU Coal"", ""quantity"": ""1"", ""rarity"": ""0.02""}, {""item"": ""Iron Platelegs"", ""quantity"": ""1"", ""rarity"": ""0.01""}, {""item"": ""Iron Chestplate"", ""quantity"": ""1"", ""rarity"": ""0.0075""}]",[]
Suit of Armour (Lvl 87),https://highspell.fandom.com/wiki/Headless_Warrior_(Lvl_87),87,95,???,Yes,85 + 40 bonus,85 + 50 bonus,85 + 100 bonus,1,1,1,Unknown,0.05,Never,"[{""item"": ""Coins"", ""quantity"": ""25"", ""rarity"": ""1/2""}, {""item"": ""Coins"", ""quantity"": ""60"", ""rarity"": ""1/5""}, {""item"": ""Coins"", ""quantity"": ""150"", ""rarity"": ""1/7""}, {""item"": ""Coins"", ""quantity"": ""275"", ""rarity"": ""1/10""}, {""item"": ""Coins"", ""quantity"": ""450"", ""rarity"": ""1/20""}, {""item"": ""Coronium Ore"", ""quantity"": ""1"", ""rarity"": ""1/200""}, {""item"": ""Coronium Battleaxe"", ""quantity"": ""1"", ""rarity"": ""1/500""}, {""item"": ""Coronium Platelegs"", ""quantity"": ""1"", ""rarity"": ""1/666""}, {""item"": ""Coronium Chestplate"", ""quantity"": ""1"", ""rarity"": ""1/1333""}]",[]
Hell Giant,https://highspell.fandom.com/wiki/Hell_giant,107,110,???,Yes,90 + 25 bonus,90 + 40 bonus,90 + 40 bonus,1,1,1,60s,0.05,0.1,"[{""item"": ""Giant Bones"", ""quantity"": ""1"", ""rarity"": ""Always""}, {""item"": ""Coins"", ""quantity"": ""25"", ""rarity"": ""1/3.33""}, {""item"": ""Coins"", ""quantity"": ""60"", ""rarity"": ""1/5""}, {""item"": ""Coins"", ""quantity"": ""90"", ""rarity"": ""1/10""}, {""item"": ""High Root Loot Table"", ""quantity"": """", ""rarity"": ""1/10""}, {""item"": ""Fire Scroll"", ""quantity"": ""30"", ""rarity"": ""1/13.3""}, {""item"": ""Warp Scroll"", ""quantity"": ""5"", ""rarity"": ""1/20""}, {""item"": ""Alchemy Scroll"", ""quantity"": ""5"", ""rarity"": ""1/20""}, {""item"": ""Steel Battleaxe"", ""quantity"": ""1"", ""rarity"": ""1/20""}, {""item"": ""Rare Loot Table"", ""quantity"": """", ""rarity"": ""1/20""}, {""item"": ""Potion of Strength (1)"", ""quantity"": ""1"", ""rarity"": ""1/40""}, {""item"": ""Steel  Great Sword"", ""quantity"": ""1"", ""rarity"": ""1/40""}, {""item"": ""Rage Scroll"", ""quantity"": ""1"", ""rarity"": ""1/40""}, {""item"": ""Palladium Patelegs"", ""quantity"": ""1"", ""rarity"": ""1/100""}, {""item"": ""IOU Lucky Logs"", ""quantity"": ""10"", ""rarity"": ""1/100""}, {""item"": ""Steel Chestplate"", ""quantity"": ""1"", ""rarity"": ""1/100""}, {""item"": ""Palladium Great Sword"", ""quantity"": ""1"", ""rarity"": ""1/133""}, {""item"": ""Flour"", ""quantity"": ""1"", ""rarity"": ""1/133""}, {""item"": ""Coronium Full Helm"", ""quantity"": ""1"", ""rarity"": ""1/1250""}, {""item"": ""Coronium Shield"", ""quantity"": ""1"", ""rarity"": ""1/2500""}, {""item"": ""Helmet of Melee"", ""quantity"": ""1"", ""rarity"": ""1/10,000""}]",[]
Hell Rat,https://highspell.fandom.com/wiki/Hell_rat,26,30,???,Yes,20,30,15,1,1,1,Unknown,Never,Never,"[{""item"": ""Bones"", ""quantity"": ""1"", ""rarity"": ""Always""}, {""item"": ""Rodent Meat"", ""quantity"": ""1"", ""rarity"": ""0.1""}]",[]
Hell Warrior,https://highspell.fandom.com/wiki/Hell_warrior,77,88,???,Yes,50 + 20 bonus,50 + 30 bonus,50 + 30 bonus,1,1,1,Unknown,0.025,Never,"[{""item"": ""Bones"", ""quantity"": ""1"", ""rarity"": ""Always""}, {""item"": ""Coins"", ""quantity"": ""25"", ""rarity"": ""1/2.5""}, {""item"": ""Coins"", ""quantity"": ""40"", ""rarity"": ""1/4.5""}, {""item"": ""Coins"", ""quantity"": ""50"", ""rarity"": ""1/10""}, {""item"": ""Alchemy Scroll"", ""quantity"": ""3"", ""rarity"": ""1/20""}, {""item"": ""Fire Scroll"", ""quantity"": ""20"", ""rarity"": ""1/20""}, {""item"": ""Coins"", ""quantity"": ""250"", ""rarity"": ""1/20""}, {""item"": ""Rage Scroll"", ""quantity"": ""5"", ""rarity"": ""1/40""}, {""item"": ""Rare Loot Table"", ""quantity"": """", ""rarity"": ""1/40""}, {""item"": ""IOU Palladium Ore"", ""quantity"": ""3"", ""rarity"": ""1/50""}, {""item"": ""Piranha"", ""quantity"": ""1"", ""rarity"": ""1/50""}, {""item"": ""Palladium Full Helm"", ""quantity"": ""1"", ""rarity"": ""1/100""}, {""item"": ""Palladium Platelegs"", ""quantity"": ""1"", ""rarity"": ""1/200""}, {""item"": ""Palladium Battleaxe"", ""quantity"": ""1"", ""rarity"": ""1/200""}, {""item"": ""Coronium Helm"", ""quantity"": ""1"", ""rarity"": ""1/400""}, {""item"": ""Ruby Necklace"", ""quantity"": ""1"", ""rarity"": ""1/400""}, {""item"": ""Helmet of Melee"", ""quantity"": ""1"", ""rarity"": ""1/16,000""}]",[]
Hermit,https://highspell.fandom.com/wiki/Hermit,20,24,???,Yes,10,10,15,1,1,1,Unknown,Never,Never,"[{""item"": ""Bones"", ""quantity"": ""1"", ""rarity"": ""Always""}, {""item"": ""Coins"", ""quantity"": ""1"", ""rarity"": ""0.25""}, {""item"": ""Bass"", ""quantity"": ""1"", ""rarity"": ""0.05""}, {""item"": ""Robe Top"", ""quantity"": ""1"", ""rarity"": ""0.02""}]",[]
Isradore's Chicken,https://highspell.fandom.com/wiki/Isradore%27s_Chicken,30,35,N/A,Yes,20,10,20,1,1,1,Unknown,N/A,N/A,"[{""item"": ""Raw Chicken"", ""quantity"": ""x5"", ""rarity"": ""Always""}, {""item"": ""Giant Bones"", ""quantity"": ""X1"", ""rarity"": ""Always""}, {""item"": ""Feathers"", ""quantity"": ""?"", ""rarity"": ""Always""}]",[]
Isradore's Dragon,https://highspell.fandom.com/wiki/Isradore%27s_Dragon,103,110,N/A,Yes,75,85,75 + 75 bonus,70,1,1,Unknown,N/A,N/A,"[{""item"": ""Giant Bones"", ""quantity"": ""x1"", ""rarity"": ""Always""}]",[]
Isradore's Rat,https://highspell.fandom.com/wiki/Isradore%27s_Rat,56,55,N/A,Yes,45,40,35,1,1,1,Unknown,N/A,N/A,"[{""item"": ""Raw RodentMeat"", ""quantity"": ""x5"", ""rarity"": ""Always""}, {""item"": ""Giant Bones"", ""quantity"": ""x1"", ""rarity"": ""Always""}]",[]
Knight (Lvl 45),https://highspell.fandom.com/wiki/Knight_(Lvl_45),45,55,???,No,30 + 10 bonus,30 + 10 bonus,25 + 20 bonus,1,1,1,Unknown,0.02,Never,"[{""item"": ""Bones"", ""quantity"": ""1"", ""rarity"": ""Always""}, {""item"": ""Coins"", ""quantity"": ""15"", ""rarity"": ""0.25""}, {""item"": ""Coins"", ""quantity"": ""20"", ""rarity"": ""0.2""}, {""item"": ""Bronze Helm"", ""quantity"": ""1"", ""rarity"": ""0.06""}, {""item"": ""Stingray"", ""quantity"": ""1"", ""rarity"": ""0.05""}, {""item"": ""Raw Carp"", ""quantity"": ""1"", ""rarity"": ""0.05""}, {""item"": ""Nature Scroll"", ""quantity"": ""4"", ""rarity"": ""0.05""}, {""item"": ""Iron Helm"", ""quantity"": ""1"", ""rarity"": ""0.05""}, {""item"": ""Steel Helm"", ""quantity"": ""1"", ""rarity"": ""0.04""}, {""item"": ""Warp Scroll"", ""quantity"": ""1"", ""rarity"": ""0.035""}, {""item"": ""Bronze Full Helm"", ""quantity"": ""1"", ""rarity"": ""0.03""}, {""item"": ""Coins"", ""quantity"": ""80"", ""rarity"": ""0.025""}, {""item"": ""Iron Full Helm"", ""quantity"": ""1"", ""rarity"": ""0.025""}, {""item"": ""Bronze Longsword"", ""quantity"": ""1"", ""rarity"": ""0.025""}, {""item"": ""Steel Full Helm"", ""quantity"": ""1"", ""rarity"": ""0.02""}, {""item"": ""Raw Tuna"", ""quantity"": ""1"", ""rarity"": ""0.02""}, {""item"": ""Iron Longsword"", ""quantity"": ""1"", ""rarity"": ""0.02""}, {""item"": ""Bronze Platelegs"", ""quantity"": ""1"", ""rarity"": ""0.015""}, {""item"": ""Iron Platelegs"", ""quantity"": ""1"", ""rarity"": ""0.01""}, {""item"": ""Steel Longsword"", ""quantity"": ""1"", ""rarity"": ""0.01""}]",[]
Knight (Lvl 60),https://highspell.fandom.com/wiki/Knight_(Lvl_60),60,65,???,No,50 + 15 bonus,50 +20 bonus,40 + 40 bonus,1,1,1,Unknown,0.025,Never,"[{""item"": ""Bones"", ""quantity"": ""1"", ""rarity"": ""Always""}, {""item"": ""Coins"", ""quantity"": ""25"", ""rarity"": ""0.25""}, {""item"": ""Coins"", ""quantity"": ""90"", ""rarity"": ""0.1""}, {""item"": ""Energy Scroll"", ""quantity"": ""10"", ""rarity"": ""0.1""}, {""item"": ""Fury Scroll"", ""quantity"": ""10"", ""rarity"": ""0.08""}, {""item"": ""Rage Scroll"", ""quantity"": ""5"", ""rarity"": ""0.075""}, {""item"": ""IOU Oak Scroll"", ""quantity"": ""7"", ""rarity"": ""0.075""}, {""item"": ""IOU Scroll"", ""quantity"": ""8"", ""rarity"": ""0.075""}, {""item"": ""Blue Cape"", ""quantity"": ""1"", ""rarity"": ""0.05""}, {""item"": ""Alchemy Scroll"", ""quantity"": ""2"", ""rarity"": ""0.04""}, {""item"": ""Fire Scroll"", ""quantity"": ""15"", ""rarity"": ""0.03""}, {""item"": ""Tuna"", ""quantity"": ""1"", ""rarity"": ""0.025""}, {""item"": ""Steel Pickaxe"", ""quantity"": ""1"", ""rarity"": ""0.0125""}, {""item"": ""Calcium Brew"", ""quantity"": ""1"", ""rarity"": ""0.01""}, {""item"": ""Steel Shield"", ""quantity"": ""1"", ""rarity"": ""0.01""}, {""item"": ""Silver Helm"", ""quantity"": ""1"", ""rarity"": ""0.005""}, {""item"": ""Silver Shield"", ""quantity"": ""1"", ""rarity"": ""0.0025""}]",[]
Leprechaun,https://highspell.fandom.com/wiki/Leprechaun,27,30,???,No,20 + 5 bonus,20 + 10 bonus,25 + 10 bonus,20,1,1,Unknown,0.025,Never,"[{""item"": ""Bones"", ""quantity"": ""1"", ""rarity"": ""Always""}, {""item"": ""Coins"", ""quantity"": ""7"", ""rarity"": ""0.25""}, {""item"": ""Coins"", ""quantity"": ""10"", ""rarity"": ""0.15""}, {""item"": ""Coins"", ""quantity"": ""14"", ""rarity"": ""0.1""}, {""item"": ""Beer"", ""quantity"": ""1"", ""rarity"": ""0.1""}, {""item"": ""Fire Scroll"", ""quantity"": ""2"", ""rarity"": ""0.075""}, {""item"": ""Water Scroll"", ""quantity"": ""2"", ""rarity"": ""0.075""}, {""item"": ""Nature Scroll"", ""quantity"": ""2"", ""rarity"": ""0.075""}, {""item"": ""Lucky Scroll"", ""quantity"": ""1"", ""rarity"": ""0.05""}, {""item"": ""Alchemy Scroll"", ""quantity"": ""1"", ""rarity"": ""0.025""}, {""item"": ""Red Mushroom"", ""quantity"": ""1"", ""rarity"": ""0.02""}, {""item"": ""Coins"", ""quantity"": ""42"", ""rarity"": ""0.02""}, {""item"": ""Potion of Magic (1)"", ""quantity"": ""1"", ""rarity"": ""0.005""}]",[]
Lumberjack,https://highspell.fandom.com/wiki/Lumberjack,10,16,???,No,2,10 + 5 bonus,6,1,1,1,Unknown,Never,Never,"[{""item"": ""Logs"", ""quantity"": ""1"", ""rarity"": ""Always""}, {""item"": ""Coins"", ""quantity"": ""5"", ""rarity"": ""0.2""}, {""item"": ""Logs"", ""quantity"": ""1"", ""rarity"": ""0.175""}, {""item"": ""Pine Logs"", ""quantity"": ""1"", ""rarity"": ""0.15""}, {""item"": ""Oak Logs"", ""quantity"": ""1"", ""rarity"": ""0.1""}, {""item"": ""Bronze Hatchet"", ""quantity"": ""1"", ""rarity"": ""0.08""}, {""item"": ""Wheat"", ""quantity"": ""1"", ""rarity"": ""0.05""}, {""item"": ""Raw Bluegill"", ""quantity"": ""1"", ""rarity"": ""0.05""}, {""item"": ""Leaf"", ""quantity"": ""1"", ""rarity"": ""0.04""}, {""item"": ""Pinecone"", ""quantity"": ""1"", ""rarity"": ""0.035""}, {""item"": ""Acorn"", ""quantity"": ""1"", ""rarity"": ""0.025""}, {""item"": ""Iron Hatchet"", ""quantity"": ""1"", ""rarity"": ""0.02""}, {""item"": ""Iron Helm"", ""quantity"": ""1"", ""rarity"": ""0.02""}, {""item"": ""Iron Gloves"", ""quantity"": ""1"", ""rarity"": ""0.01""}, {""item"": ""Steel Hatchet"", ""quantity"": ""1"", ""rarity"": ""0.005""}]",[]
Man,https://highspell.fandom.com/wiki/Man,5,12,???,No,3,3,2,1,1,1,Unknown,Never,Never,"[{""item"": ""Bones"", ""quantity"": ""1"", ""rarity"": ""Always"", ""chance"": """"}, {""item"": ""Coins"", ""quantity"": ""3"", ""rarity"": ""0.2"", ""chance"": ""15{5}}""}, {""item"": ""Coins"", ""quantity"": ""5"", ""rarity"": ""0.1"", ""chance"": ""110{10}}""}, {""item"": ""Scroll"", ""quantity"": ""1"", ""rarity"": ""0.1"", ""chance"": ""110{10}}""}, {""item"": ""Raw bass"", ""quantity"": ""1"", ""rarity"": ""0.1"", ""chance"": ""110{10}}""}, {""item"": ""Basic rod"", ""quantity"": ""1"", ""rarity"": ""0.1"", ""chance"": ""110{10}}""}, {""item"": ""Logs"", ""quantity"": ""1"", ""rarity"": ""0.1"", ""chance"": ""110{10}}""}, {""item"": ""Raw bluegill"", ""quantity"": ""1"", ""rarity"": ""0.08"", ""chance"": ""112.5{12.5}}}""}, {""item"": ""Chisel"", ""quantity"": ""1"", ""rarity"": ""0.075"", ""chance"": ""113.333{13.333}}}""}, {""item"": ""Bronze gloves"", ""quantity"": ""1"", ""rarity"": ""0.05"", ""chance"": ""120{20}}""}, {""item"": ""Bronze helm"", ""quantity"": ""1"", ""rarity"": ""0.04"", ""chance"": ""125{25}}""}]",[]
Martial Artist,https://highspell.fandom.com/wiki/Martial_artist,30,30,???,No,20 + 10 bonus,20 + 10 bonus,20 + 5 bonus,1,1,1,Unknown,0.01,Never,"[{""item"": ""Bones"", ""quantity"": ""1"", ""rarity"": ""Always""}, {""item"": ""Red Headband"", ""quantity"": ""1"", ""rarity"": ""0.015""}]",[]
Minotaur,https://highspell.fandom.com/wiki/Minotaur,80,80,???,Yes,65,70,70,1,1,1,Unknown,0.025,0.05,"[{""item"": ""Bones"", ""quantity"": ""1"", ""rarity"": ""Always""}, {""item"": ""Coins"", ""quantity"": ""65"", ""rarity"": ""0.3""}, {""item"": ""Coins"", ""quantity"": ""90"", ""rarity"": ""0.1""}, {""item"": ""Coins"", ""quantity"": ""110"", ""rarity"": ""0.1""}, {""item"": ""Iron Bar"", ""quantity"": ""1"", ""rarity"": ""0.1""}, {""item"": ""Raw Beef"", ""quantity"": ""1"", ""rarity"": ""0.1""}, {""item"": ""Leather Gloves"", ""quantity"": ""1"", ""rarity"": ""0.05""}, {""item"": ""Fury Scroll"", ""quantity"": ""10"", ""rarity"": ""0.05""}, {""item"": ""Stingray"", ""quantity"": ""1"", ""rarity"": ""0.05""}, {""item"": ""IOU Copper Ore"", ""quantity"": ""5"", ""rarity"": ""0.025""}, {""item"": ""Alchemy Scroll"", ""quantity"": ""5"", ""rarity"": ""0.025""}, {""item"": ""Palladium Full Helm"", ""quantity"": ""1"", ""rarity"": ""0.02""}, {""item"": ""Wizard's Hat"", ""quantity"": ""1"", ""rarity"": ""0.02""}, {""item"": ""Coronium Bar"", ""quantity"": ""1"", ""rarity"": ""0.01""}, {""item"": ""Citrine Necklace"", ""quantity"": ""1"", ""rarity"": ""0.01""}, {""item"": ""Coronium Gloves"", ""quantity"": ""1"", ""rarity"": ""0.01""}, {""item"": ""Palladium Shield"", ""quantity"": ""1"", ""rarity"": ""0.01""}, {""item"": ""Coronium Helm"", ""quantity"": ""1"", ""rarity"": ""0.0075""}, {""item"": ""Coronium Longsword"", ""quantity"": ""1"", ""rarity"": ""0.005""}]",[]
Nisse,https://highspell.fandom.com/wiki/Nisse,2,5,???,No,1,1,1,1,1,1,Unknown,0.01,0.05,"[{""item"": ""Coins"", ""quantity"": ""2"", ""rarity"": ""0.4""}, {""item"": ""Coins"", ""quantity"": ""4"", ""rarity"": ""0.1""}, {""item"": ""Potato"", ""quantity"": ""1"", ""rarity"": ""0.05""}, {""item"": ""Wheat"", ""quantity"": ""1"", ""rarity"": ""0.05""}, {""item"": ""Corn"", ""quantity"": ""1"", ""rarity"": ""0.05""}, {""item"": ""Tomato"", ""quantity"": ""1"", ""rarity"": ""0.05""}, {""item"": ""Onion"", ""quantity"": ""1"", ""rarity"": ""0.05""}, {""item"": ""Carrot"", ""quantity"": ""1"", ""rarity"": ""0.05""}, {""item"": ""Flour"", ""quantity"": ""1"", ""rarity"": ""0.05""}, {""item"": ""Bronze Helm"", ""quantity"": ""1"", ""rarity"": ""0.05""}, {""item"": ""Feathers"", ""quantity"": ""5"", ""rarity"": ""0.05""}, {""item"": ""Staff"", ""quantity"": ""1"", ""rarity"": ""0.04""}]",[]
Old Man,https://highspell.fandom.com/wiki/Old_man,5,12,???,No,3,1,3,1,1,1,Unknown,Never,Never,"[{""item"": ""Bones"", ""quantity"": ""1"", ""rarity"": ""Always""}, {""item"": ""Coins"", ""quantity"": ""1"", ""rarity"": ""0.15""}, {""item"": ""Coins"", ""quantity"": ""3"", ""rarity"": ""0.25""}, {""item"": ""Bass"", ""quantity"": ""1"", ""rarity"": ""0.05""}, {""item"": ""Scroll"", ""quantity"": ""1"", ""rarity"": ""0.05""}, {""item"": ""Wheat"", ""quantity"": ""1"", ""rarity"": ""0.05""}, {""item"": ""Basic Rod"", ""quantity"": ""1"", ""rarity"": ""0.05""}, {""item"": ""Energy Scroll"", ""quantity"": ""1"", ""rarity"": ""0.05""}, {""item"": ""Robe Top"", ""quantity"": ""1"", ""rarity"": ""0.02""}, {""item"": ""Robe Bottoms"", ""quantity"": ""1"", ""rarity"": ""0.02""}]",[]
Pirate,https://highspell.fandom.com/wiki/Pirate,29,25,5,Yes,30 + 5 bonus,25 + 4 bonus,30,1,1,1,Unknown,0.02,0.075,"[{""item"": ""Bones"", ""quantity"": ""1"", ""rarity"": ""Always""}, {""item"": ""Coins"", ""quantity"": ""5"", ""rarity"": ""1/10""}, {""item"": ""Water Scroll"", ""quantity"": ""3"", ""rarity"": ""1/10""}, {""item"": ""Starfish"", ""quantity"": ""1"", ""rarity"": ""1/13.3""}, {""item"": ""Bronze Scimitar"", ""quantity"": ""1"", ""rarity"": ""1/13.3""}, {""item"": ""Coins"", ""quantity"": ""15"", ""rarity"": ""1/13.3""}, {""item"": ""Knife"", ""quantity"": ""1"", ""rarity"": ""1/13.3""}, {""item"": ""Headless Arrows"", ""quantity"": ""10"", ""rarity"": ""1/20""}, {""item"": ""Sand Dollar"", ""quantity"": ""1"", ""rarity"": ""1/20""}, {""item"": ""Raw Tuna"", ""quantity"": ""1"", ""rarity"": ""1/20""}, {""item"": ""Bronze Arrows"", ""quantity"": ""5"", ""rarity"": ""1/20""}, {""item"": ""Burnt Food"", ""quantity"": ""1"", ""rarity"": ""1/20""}, {""item"": ""Water Scroll"", ""quantity"": ""5"", ""rarity"": ""1/20""}, {""item"": ""Coins"", ""quantity"": ""20"", ""rarity"": ""1/33.3""}, {""item"": ""Potion of Fishing (1)"", ""quantity"": ""1"", ""rarity"": ""1/33.3""}, {""item"": ""Fury Scroll"", ""quantity"": ""5"", ""rarity"": ""1/33.3""}, {""item"": ""Beer"", ""quantity"": ""1"", ""rarity"": ""1/33.3""}, {""item"": ""Half Glass of Beer"", ""quantity"": ""1"", ""rarity"": ""1/33.3""}, {""item"": ""Iron Chainmail Body"", ""quantity"": ""1"", ""rarity"": ""1/40""}, {""item"": ""Bronze Chestplate"", ""quantity"": ""1"", ""rarity"": ""1/40""}, {""item"": ""Rare Loot Table"", ""quantity"": """", ""rarity"": ""1/50""}, {""item"": ""Seaweed"", ""quantity"": ""1"", ""rarity"": ""1/66.6""}, {""item"": ""Pirate's Bandana"", ""quantity"": ""1"", ""rarity"": ""1/200""}]","[{""item"": ""Rough Amethyst"", ""quantity"": ""1"", ""rarity"": ""20%"", ""chance"": ""1/125""}, {""item"": ""Rough Sapphire"", ""quantity"": ""1"", ""rarity"": ""17.5%"", ""chance"": ""1/200""}, {""item"": ""Rough Emerald"", ""quantity"": ""1"", ""rarity"": ""15%"", ""chance"": ""1/333.3""}, {""item"": ""Rough Topaz"", ""quantity"": ""1"", ""rarity"": ""12.5%"", ""chance"": ""1/666.6""}, {""item"": ""Rough Citrine"", ""quantity"": ""1"", ""rarity"": ""10%"", ""chance"": ""1/1000""}, {""item"": ""Rough Ruby"", ""quantity"": ""1"", ""rarity"": ""7.5%"", ""chance"": ""1/2000""}, {""item"": ""Rough Diamond"", ""quantity"": ""1"", ""rarity"": ""5%"", ""chance"": ""1/3333.3""}, {""item"": ""Rough Carbonado"", ""quantity"": ""1"", ""rarity"": ""2.5%"", ""chance"": ""1/5000""}, {""item"": ""Warp Scroll"", ""quantity"": ""50"", ""rarity"": ""1%"", ""chance"": ""1/5000""}, {""item"": ""Alchemy Scroll"", ""quantity"": ""50"", ""rarity"": ""1%"", ""chance"": ""1/5000""}, {""item"": ""Celadium Ore"", ""quantity"": ""1"", ""rarity"": ""1%"", ""chance"": ""1/10,204""}]"
Plains Dragon,https://highspell.fandom.com/wiki/Plains_dragon,84,85,???,Yes,70,70,50 + 30 bonus,70,1,1,Unknown,0.02,0.08,"[{""item"": ""Giant Bones"", ""quantity"": ""1"", ""rarity"": ""Always""}, {""item"": ""Coins"", ""quantity"": ""15"", ""rarity"": ""1/10""}, {""item"": ""Coins"", ""quantity"": ""35"", ""rarity"": ""1/10""}, {""item"": ""Nature Scroll"", ""quantity"": ""15"", ""rarity"": ""1/10""}, {""item"": ""High Root Loot Table"", ""quantity"": """", ""rarity"": ""1/12.5""}, {""item"": ""Coins"", ""quantity"": ""75"", ""rarity"": ""1/20""}, {""item"": ""IOU Oak Logs"", ""quantity"": ""5"", ""rarity"": ""1/20""}, {""item"": ""Steel Bar"", ""quantity"": ""1"", ""rarity"": ""1/20""}, {""item"": ""Green Cape"", ""quantity"": ""1"", ""rarity"": ""1/20""}, {""item"": ""Crab"", ""quantity"": ""1"", ""rarity"": ""1/20""}, {""item"": ""Nature Scroll"", ""quantity"": ""30"", ""rarity"": ""1/20""}, {""item"": ""Alchemy Scroll"", ""quantity"": ""3"", ""rarity"": ""1/20""}, {""item"": ""Iron Shield"", ""quantity"": ""1"", ""rarity"": ""1/20""}, {""item"": ""IOU Leaf"", ""quantity"": ""5"", ""rarity"": ""1/20""}, {""item"": ""Steel Great Sword"", ""quantity"": ""1"", ""rarity"": ""1/20""}, {""item"": ""Carrot"", ""quantity"": ""1"", ""rarity"": ""1/20""}, {""item"": ""Steel Arrows"", ""quantity"": ""15"", ""rarity"": ""1/20""}, {""item"": ""Potion of Defence (1)"", ""quantity"": ""1"", ""rarity"": ""1/40""}, {""item"": ""Wheat"", ""quantity"": ""1"", ""rarity"": ""1/40""}, {""item"": ""Rare Loot Table"", ""quantity"": """", ""rarity"": ""1/50""}, {""item"": ""Emerald Necklace"", ""quantity"": ""1"", ""rarity"": ""1/100""}, {""item"": ""Coronium Shield"", ""quantity"": ""1"", ""rarity"": ""1/285.7""}, {""item"": ""Celadon Helm"", ""quantity"": ""1"", ""rarity"": ""1/400""}, {""item"": ""Helmet of Ranging"", ""quantity"": ""1"", ""rarity"": ""1/2000""}]","[{""item"": ""Rough Amethyst"", ""quantity"": ""1"", ""rarity"": ""20%"", ""chance"": ""1/125""}, {""item"": ""Rough Sapphire"", ""quantity"": ""1"", ""rarity"": ""17.5%"", ""chance"": ""1/200""}, {""item"": ""Rough Emerald"", ""quantity"": ""1"", ""rarity"": ""15%"", ""chance"": ""1/333.3""}, {""item"": ""Rough Topaz"", ""quantity"": ""1"", ""rarity"": ""12.5%"", ""chance"": ""1/666.6""}, {""item"": ""Rough Citrine"", ""quantity"": ""1"", ""rarity"": ""10%"", ""chance"": ""1/1000""}, {""item"": ""Rough Ruby"", ""quantity"": ""1"", ""rarity"": ""7.5%"", ""chance"": ""1/2000""}, {""item"": ""Rough Diamond"", ""quantity"": ""1"", ""rarity"": ""5%"", ""chance"": ""1/3333.3""}, {""item"": ""Rough Carbonado"", ""quantity"": ""1"", ""rarity"": ""2.5%"", ""chance"": ""1/5000""}, {""item"": ""Warp Scroll"", ""quantity"": ""50"", ""rarity"": ""1%"", ""chance"": ""1/5000""}, {""item"": ""Alchemy Scroll"", ""quantity"": ""50"", ""rarity"": ""1%"", ""chance"": ""1/5000""}, {""item"": ""Celadium Ore"", ""quantity"": ""1"", ""rarity"": ""1%"", ""chance"": ""1/10,204""}]"
Rat,https://highspell.fandom.com/wiki/Rat,1,3,???,No,1,1,1,1,1,1,Unknown,Never,Never,"[{""item"": ""Raw Rodent Meat"", ""quantity"": ""1"", ""rarity"": ""Always""}, {""item"": ""Rat Tail"", ""quantity"": ""1"", ""rarity"": ""0.1""}]",[]
Rooster,https://highspell.fandom.com/wiki/Rooster,4,8,???,Yes,4,8,3,1,1,1,Unknown,Never,Never,"[{""item"": ""Bones"", ""quantity"": ""1"", ""rarity"": ""Always""}, {""item"": ""Raw Chicken"", ""quantity"": ""1"", ""rarity"": ""Always""}, {""item"": ""Feathers"", ""quantity"": ""5"", ""rarity"": ""Always""}]",[]
Sage,https://highspell.fandom.com/wiki/Sage,27,28,???,No,15,15,30 + 10 bonus,1 + 10 bonus,1,1,Unknown,0.02,0.3,"[{""item"": ""Bones"", ""quantity"": ""1"", ""rarity"": ""Always""}, {""item"": ""Coins"", ""quantity"": ""6"", ""rarity"": ""0.3""}, {""item"": ""Coins"", ""quantity"": ""8"", ""rarity"": ""0.25""}, {""item"": ""Vial"", ""quantity"": ""1"", ""rarity"": ""0.125""}, {""item"": ""Coins"", ""quantity"": ""20"", ""rarity"": ""0.05""}, {""item"": ""Carrot"", ""quantity"": ""1"", ""rarity"": ""0.05""}, {""item"": ""Seaweed"", ""quantity"": ""1"", ""rarity"": ""0.04""}, {""item"": ""Rat Tail"", ""quantity"": ""1"", ""rarity"": ""0.025""}, {""item"": ""IOU Vial"", ""quantity"": ""3"", ""rarity"": ""0.025""}, {""item"": ""Raw Bass"", ""quantity"": ""1"", ""rarity"": ""0.02""}, {""item"": ""Sage's Top"", ""quantity"": ""1"", ""rarity"": ""0.02""}, {""item"": ""Sage's Bottom"", ""quantity"": ""1"", ""rarity"": ""0.02""}, {""item"": ""Strawberry"", ""quantity"": ""1"", ""rarity"": ""0.02""}, {""item"": ""Grapes"", ""quantity"": ""1"", ""rarity"": ""0.01""}]",[]
Sewer rat,https://highspell.fandom.com/wiki/Sewer_rat,10,12,Unknown,Yes,10,10,8,1,1,1,Unknown,Never,Never,"[{""item"": ""Bones"", ""quantity"": ""1"", ""rarity"": ""Always""}, {""item"": ""Raw rodent meat"", ""quantity"": ""1"", ""rarity"": ""Always""}, {""item"": ""Rat tail"", ""quantity"": ""1"", ""rarity"": ""~1/6.66""}]",[]
Skeletal Dwarf,https://highspell.fandom.com/wiki/Skeletal_Dwarf,44,56,???,???,32 + 10 bonus,38 + 10 bonus,25 + 25 bonus,1,1,1,Unknown,0.015,0.2,"[{""item"": ""Bones"", ""quantity"": ""1"", ""rarity"": ""Always""}, {""item"": ""Coins"", ""quantity"": ""10"", ""rarity"": ""0.2""}, {""item"": ""Coins"", ""quantity"": ""15"", ""rarity"": ""0.175""}, {""item"": ""Coins"", ""quantity"": ""20"", ""rarity"": ""0.15""}, {""item"": ""IOU Coal"", ""quantity"": ""2"", ""rarity"": ""0.1""}, {""item"": ""IOU Iron Ore"", ""quantity"": ""3"", ""rarity"": ""0.1""}, {""item"": ""Steel Bar"", ""quantity"": ""1"", ""rarity"": ""0.05""}, {""item"": ""Fury Scroll"", ""quantity"": ""5"", ""rarity"": ""0.05""}, {""item"": ""IOU Steel Bar"", ""quantity"": ""2"", ""rarity"": ""0.025""}, {""item"": ""Steel Great Sword"", ""quantity"": ""1"", ""rarity"": ""0.025""}, {""item"": ""Iron Full Helm"", ""quantity"": ""1"", ""rarity"": ""0.025""}, {""item"": ""Steel Pickaxe"", ""quantity"": ""1"", ""rarity"": ""0.025""}, {""item"": ""Rage Scroll"", ""quantity"": ""5"", ""rarity"": ""0.02""}, {""item"": ""Iron Platelegs"", ""quantity"": ""1"", ""rarity"": ""0.02""}, {""item"": ""Emerald Necklace"", ""quantity"": ""1"", ""rarity"": ""0.01""}, {""item"": ""IOU Potion of Mining"", ""quantity"": ""1"", ""rarity"": ""0.01""}]",[]
Skeletal Mage,https://highspell.fandom.com/wiki/Skeletal_mage,39,40,???,Yes,35,35,35 + 5 bonus,30 + 20 bonus,1,1,Unknown,0.025,Never,"[{""item"": ""Bones"", ""quantity"": ""1"", ""rarity"": ""Always""}, {""item"": ""Coins"", ""quantity"": ""5"", ""rarity"": ""0.25""}, {""item"": ""Coins"", ""quantity"": ""10"", ""rarity"": ""0.1""}, {""item"": ""Coins"", ""quantity"": ""15"", ""rarity"": ""0.0075""}, {""item"": ""Coins"", ""quantity"": ""20"", ""rarity"": ""0.05""}, {""item"": ""Fire Scroll"", ""quantity"": ""5"", ""rarity"": ""0.05""}, {""item"": ""Water Scroll"", ""quantity"": ""5"", ""rarity"": ""0.05""}, {""item"": ""Nature Scroll"", ""quantity"": ""5"", ""rarity"": ""0.05""}, {""item"": ""Fury Scroll"", ""quantity"": ""3"", ""rarity"": ""0.05""}, {""item"": ""Rage Scroll"", ""quantity"": ""1"", ""rarity"": ""0.05""}, {""item"": ""Energy Scroll"", ""quantity"": ""3"", ""rarity"": ""0.05""}, {""item"": ""Staff"", ""quantity"": ""1"", ""rarity"": ""0.05""}, {""item"": ""Potion of Magic (1)"", ""quantity"": ""1"", ""rarity"": ""0.04""}, {""item"": ""Leather Gloves"", ""quantity"": ""1"", ""rarity"": ""0.035""}, {""item"": ""Warp Scroll"", ""quantity"": ""1"", ""rarity"": ""0.025""}, {""item"": ""Alchemy Scroll"", ""quantity"": ""2"", ""rarity"": ""0.025""}, {""item"": ""Blue Wizard's Hat"", ""quantity"": ""1"", ""rarity"": ""0.01""}, {""item"": ""Blue Wizard's Top"", ""quantity"": ""1"", ""rarity"": ""0.01""}, {""item"": ""Blue Wizard's Bottoms"", ""quantity"": ""1"", ""rarity"": ""0.01""}]",[]
Skeleton (Lvl 20),https://highspell.fandom.com/wiki/Skeleton_(Lvl_20),20,18,???,Yes,20,20,20,1,1,1,Unknown,0.01,0.15,"[{""item"": ""Bones"", ""quantity"": ""1"", ""rarity"": ""Always""}, {""item"": ""Coins"", ""quantity"": ""6"", ""rarity"": ""0.3""}, {""item"": ""Coins"", ""quantity"": ""3"", ""rarity"": ""0.2""}, {""item"": ""Bones"", ""quantity"": ""1"", ""rarity"": ""0.15""}, {""item"": ""Bronze Scimitar"", ""quantity"": ""1"", ""rarity"": ""0.05""}, {""item"": ""Bronze Arrows"", ""quantity"": ""5"", ""rarity"": ""0.05""}, {""item"": ""Fire Scroll"", ""quantity"": ""2"", ""rarity"": ""0.04""}, {""item"": ""Water Scroll"", ""quantity"": ""2"", ""rarity"": ""0.04""}, {""item"": ""Nature Scroll"", ""quantity"": ""2"", ""rarity"": ""0.04""}, {""item"": ""Bronze Shield"", ""quantity"": ""1"", ""rarity"": ""0.04""}, {""item"": ""Iron Helm"", ""quantity"": ""1"", ""rarity"": ""0.025""}]",[]
Skeleton (Lvl 45),https://highspell.fandom.com/wiki/Skeleton_(Lvl_45),45,45,???,Yes,40 + 15 bonus,40 + 15 bonus,40 + 20 bonus,1,1,1,Unknown,0.02,0.15,"[{""item"": ""Bones"", ""quantity"": ""1"", ""rarity"": ""Always""}, {""item"": ""Coins"", ""quantity"": ""3"", ""rarity"": ""0.3""}, {""item"": ""Coins"", ""quantity"": ""6"", ""rarity"": ""0.2""}, {""item"": ""Bones"", ""quantity"": ""1"", ""rarity"": ""0.15""}, {""item"": ""Bronze Scimitar"", ""quantity"": ""1"", ""rarity"": ""0.05""}, {""item"": ""Bronze Arrows"", ""quantity"": ""5"", ""rarity"": ""0.05""}, {""item"": ""Fire Scroll"", ""quantity"": ""2"", ""rarity"": ""0.04""}, {""item"": ""Water Scroll"", ""quantity"": ""2"", ""rarity"": ""0.04""}, {""item"": ""Nature Scroll"", ""quantity"": ""2"", ""rarity"": ""0.04""}, {""item"": ""Bronze Shield"", ""quantity"": ""1"", ""rarity"": ""0.04""}, {""item"": ""Iron Helm"", ""quantity"": ""1"", ""rarity"": ""0.025""}]",[]
Squire,https://highspell.fandom.com/wiki/Squire,20,24,3,No,15 + 10 bonus,15 + 10 bonus,15 + 10 bonus,1,1,1,Unknown,0.015,Never,"[{""item"": ""Bones"", ""quantity"": ""1"", ""rarity"": ""Always""}, {""item"": ""Coins"", ""quantity"": ""15"", ""rarity"": ""0.25""}, {""item"": ""Coins"", ""quantity"": ""25"", ""rarity"": ""0.15""}, {""item"": ""Water Scroll"", ""quantity"": ""3"", ""rarity"": ""0.15""}, {""item"": ""Fury Scroll"", ""quantity"": ""1"", ""rarity"": ""0.1""}, {""item"": ""IOU Scroll"", ""quantity"": ""3"", ""rarity"": ""0.075""}, {""item"": ""IOU Pine Scroll"", ""quantity"": ""1"", ""rarity"": ""0.075""}, {""item"": ""Iron Bar"", ""quantity"": ""1"", ""rarity"": ""0.05""}, {""item"": ""Raw Stingray"", ""quantity"": ""1"", ""rarity"": ""0.04""}, {""item"": ""Iron Longsword"", ""quantity"": ""1"", ""rarity"": ""0.025""}, {""item"": ""Sapphire Necklace"", ""quantity"": ""1"", ""rarity"": ""0.025""}, {""item"": ""Blue Cape"", ""quantity"": ""1"", ""rarity"": ""0.025""}, {""item"": ""Stingray"", ""quantity"": ""1"", ""rarity"": ""0.02""}, {""item"": ""Iron Pickaxe"", ""quantity"": ""1"", ""rarity"": ""0.01""}]",[]
Squirrel,https://highspell.fandom.com/wiki/Squirrel,2,4,2,No,1,2,2,1,1,1,Unknown,Never,Never,"[{""item"": ""Raw rodent meat"", ""quantity"": ""1"", ""rarity"": ""Always""}, {""item"": ""Squirrel pelt"", ""quantity"": ""1"", ""rarity"": ""Always""}]",[]
Undead Pirate,https://highspell.fandom.com/wiki/Undead_Pirate,34,35,?,Yes,30,30,25,1,1,1,Unknown,0.075,0.1,"[{""item"": ""Bones"", ""quantity"": ""1"", ""rarity"": ""Always""}, {""item"": ""Coins"", ""quantity"": ""x10"", ""rarity"": ""0.25""}, {""item"": ""Coins"", ""quantity"": ""x15"", ""rarity"": ""0.15""}, {""item"": ""Coins"", ""quantity"": ""x20"", ""rarity"": ""0.1""}, {""item"": ""Water Scroll"", ""quantity"": ""x5"", ""rarity"": ""0.1""}, {""item"": ""Seaweed"", ""quantity"": ""1"", ""rarity"": ""0.075""}, {""item"": ""Starfish"", ""quantity"": ""1"", ""rarity"": ""0.05""}, {""item"": ""Driftwood"", ""quantity"": ""1"", ""rarity"": ""0.05""}, {""item"": ""Scallop Shell"", ""quantity"": ""1"", ""rarity"": ""0.025""}, {""item"": ""Sand Dollar"", ""quantity"": ""1"", ""rarity"": ""0.025""}, {""item"": ""Raw Tuna"", ""quantity"": ""1"", ""rarity"": ""0.025""}, {""item"": ""Knife"", ""quantity"": ""1"", ""rarity"": ""0.025""}, {""item"": ""Beer"", ""quantity"": ""1"", ""rarity"": ""0.025""}, {""item"": ""Alchemy Scroll"", ""quantity"": ""1"", ""rarity"": ""0.025""}, {""item"": ""Iron Scimitar"", ""quantity"": ""1"", ""rarity"": ""0.025""}, {""item"": ""Fury Scroll"", ""quantity"": ""10"", ""rarity"": ""0.02""}, {""item"": ""Rage Scroll"", ""quantity"": ""5"", ""rarity"": ""0.015""}, {""item"": ""Steel Chainmail"", ""quantity"": ""1"", ""rarity"": ""0.005""}, {""item"": ""Pirate's Bandana"", ""quantity"": ""1"", ""rarity"": ""0.005""}]",[]
Water Dragon,https://highspell.fandom.com/wiki/Water_Dragon,109,100,N/A,Yes,85,90,85 + 65 bonus,80,1,1,Unknown,N/A,N/A,"[{""item"": ""Giant Bones"", ""quantity"": ""1"", ""rarity"": ""Always""}]",[]
Witch,https://highspell.fandom.com/wiki/Witch,15,20,Unknown,Yes,10,10,10,15,1,1,Unknown,1/100,1/4,"[{""item"": ""Bones"", ""quantity"": ""1"", ""rarity"": ""Always""}, {""item"": ""Coins"", ""quantity"": ""5"", ""rarity"": ""1/5""}, {""item"": ""Coins"", ""quantity"": ""7"", ""rarity"": ""~1/6.66""}, {""item"": ""Coins"", ""quantity"": ""15"", ""rarity"": ""1/10""}, {""item"": ""Energy scroll"", ""quantity"": ""2"", ""rarity"": ""1/20""}, {""item"": ""Water scroll"", ""quantity"": ""2"", ""rarity"": ""1/20""}, {""item"": ""Nature scroll"", ""quantity"": ""2"", ""rarity"": ""1/20""}, {""item"": ""Fire scroll"", ""quantity"": ""2"", ""rarity"": ""1/20""}, {""item"": ""Fury scroll"", ""quantity"": ""2"", ""rarity"": ""1/20""}, {""item"": ""Pestle and mortar"", ""quantity"": ""1"", ""rarity"": ""1/40""}, {""item"": ""Onion"", ""quantity"": ""1"", ""rarity"": ""1/40""}, {""item"": ""Tomato"", ""quantity"": ""1"", ""rarity"": ""1/40""}, {""item"": ""Scroll"", ""quantity"": ""1"", ""rarity"": ""1/40""}, {""item"": ""Pine scroll"", ""quantity"": ""1"", ""rarity"": ""1/40""}, {""item"": ""Oak scroll"", ""quantity"": ""1"", ""rarity"": ""1/40""}, {""item"": ""Witch's top"", ""quantity"": ""1"", ""rarity"": ""1/50""}, {""item"": ""Witch's bottoms"", ""quantity"": ""1"", ""rarity"": ""1/50""}, {""item"": ""Witch's hat"", ""quantity"": ""1"", ""rarity"": ""1/50""}, {""item"": ""Pinecone"", ""quantity"": ""1"", ""rarity"": ""1/100""}, {""item"": ""Bone meal"", ""quantity"": ""1"", ""rarity"": ""1/100""}, {""item"": ""Warp scroll"", ""quantity"": ""1"", ""rarity"": ""1/100""}]",[]
Wizard (Lvl 16),https://highspell.fandom.com/wiki/Wizard_(Lvl_16),16,22,???,No,10 + 3 bonus,10 + 3 bonus,10 + 3 bonus,18 + 10 bonus,1,1,Unknown,0.01,Never,"[{""item"": ""Bones"", ""quantity"": ""1"", ""rarity"": ""Always""}, {""item"": ""Coins"", ""quantity"": ""5"", ""rarity"": ""0.2""}, {""item"": ""Coins"", ""quantity"": ""8"", ""rarity"": ""0.1""}, {""item"": ""Energy Scroll"", ""quantity"": ""2"", ""rarity"": ""0.075""}, {""item"": ""Water Scroll"", ""quantity"": ""2"", ""rarity"": ""0.075""}, {""item"": ""Fire Scroll"", ""quantity"": ""2"", ""rarity"": ""0.075""}, {""item"": ""Nature Scroll"", ""quantity"": ""2"", ""rarity"": ""0.075""}, {""item"": ""Fury Scroll"", ""quantity"": ""2"", ""rarity"": ""0.05""}, {""item"": ""Energy Scroll"", ""quantity"": ""3"", ""rarity"": ""0.025""}, {""item"": ""IOU Scroll"", ""quantity"": ""5"", ""rarity"": ""0.025""}, {""item"": ""Water Scroll"", ""quantity"": ""3"", ""rarity"": ""0.025""}, {""item"": ""Nature Scroll"", ""quantity"": ""3"", ""rarity"": ""0.025""}, {""item"": ""Fire Scroll"", ""quantity"": ""3"", ""rarity"": ""0.025""}, {""item"": ""Fury Scroll"", ""quantity"": ""3"", ""rarity"": ""0.025""}, {""item"": ""Rage Scroll"", ""quantity"": ""1"", ""rarity"": ""0.02""}, {""item"": ""Warp Scroll"", ""quantity"": ""1"", ""rarity"": ""0.02""}, {""item"": ""Alchemy Scroll"", ""quantity"": ""1"", ""rarity"": ""0.015""}, {""item"": ""Wizard's Top"", ""quantity"": ""1"", ""rarity"": ""0.015""}, {""item"": ""Wizard's Bottoms"", ""quantity"": ""1"", ""rarity"": ""0.015""}, {""item"": ""Wizard's Hat"", ""quantity"": ""1"", ""rarity"": ""0.015""}, {""item"": ""Water Scroll"", ""quantity"": ""5"", ""rarity"": ""0.01""}, {""item"": ""Nature Scroll"", ""quantity"": ""5"", ""rarity"": ""0.01""}, {""item"": ""Fire Scroll"", ""quantity"": ""5"", ""rarity"": ""0.01""}, {""item"": ""Amethyst Necklace"", ""quantity"": ""1"", ""rarity"": ""0.01""}, {""item"": ""Bluegill"", ""quantity"": ""1"", ""rarity"": ""0.01""}, {""item"": ""Witch's Hat"", ""quantity"": ""1"", ""rarity"": ""0.005""}]",[]
Wizard (Lvl 40),https://highspell.fandom.com/wiki/Wizard_(Lvl_40),40,45,???,No,30 + 3 bonus,30 + 3 bonus,25 + 3 bonus,35 + 20 bonus,1,1,Unknown,0.04,0.05,"[{""item"": ""Bones"", ""quantity"": ""1"", ""rarity"": ""Always""}, {""item"": ""Coins"", ""quantity"": ""15"", ""rarity"": ""1/10""}, {""item"": ""Fire Scroll"", ""quantity"": ""3"", ""rarity"": ""1/10""}, {""item"": ""Water Scroll"", ""quantity"": ""3"", ""rarity"": ""1/10""}, {""item"": ""Nature Scroll"", ""quantity"": ""3"", ""rarity"": ""1/10""}, {""item"": ""Coins"", ""quantity"": ""20"", ""rarity"": ""1/13.3""}, {""item"": ""Fury Scroll"", ""quantity"": ""2"", ""rarity"": ""1/20""}, {""item"": ""Energy Scroll"", ""quantity"": ""3"", ""rarity"": ""1/20""}, {""item"": ""Staff"", ""quantity"": ""1"", ""rarity"": ""1/20""}, {""item"": ""High Root Loot Table* (See Trivia)"", ""quantity"": """", ""rarity"": ""1/20""}, {""item"": ""Rage Scroll"", ""quantity"": ""2"", ""rarity"": ""1/25""}, {""item"": ""Warp Scroll"", ""quantity"": ""1"", ""rarity"": ""1/25""}, {""item"": ""Rare Loot Table"", ""quantity"": """", ""rarity"": ""1/25""}, {""item"": ""Coins"", ""quantity"": ""25"", ""rarity"": ""1/40""}, {""item"": ""Potion of Magic (2)"", ""quantity"": ""1"", ""rarity"": ""1/50""}, {""item"": ""Blood Scroll"", ""quantity"": ""1"", ""rarity"": ""1/50""}, {""item"": ""Alchemy Scroll"", ""quantity"": ""2"", ""rarity"": ""1/50""}, {""item"": ""Fire Scroll"", ""quantity"": ""5"", ""rarity"": ""1/50""}, {""item"": ""Water Scroll"", ""quantity"": ""5"", ""rarity"": ""1/50""}, {""item"": ""Nature Scroll"", ""quantity"": ""5"", ""rarity"": ""1/50""}, {""item"": ""Blue Wizard's Hat"", ""quantity"": ""1"", ""rarity"": ""1/100""}, {""item"": ""Blue Wizard's Top"", ""quantity"": ""1"", ""rarity"": ""1/100""}, {""item"": ""Blue Wizard's Bottoms"", ""quantity"": ""1"", ""rarity"": ""1/100""}, {""item"": ""Warp Scroll"", ""quantity"": ""2"", ""rarity"": ""1/100""}, {""item"": ""Beer"", ""quantity"": ""1"", ""rarity"": ""1/100""}, {""item"": ""Purple Cape"", ""quantity"": ""1"", ""rarity"": ""1/1250""}, {""item"": ""Helmet of Magic"", ""quantity"": ""1"", ""rarity"": ""1/25,000""}]",[]
Zombie (Lvl 16),https://highspell.fandom.com/wiki/Zombie_(Lvl_16),16,20,???,Yes,14,17,16,1,1,1,Unknown,0.02,0.1,"[{""item"": ""Bones"", ""quantity"": ""1"", ""rarity"": ""Always""}, {""item"": ""Coins"", ""quantity"": ""5"", ""rarity"": ""0.2""}, {""item"": ""Coins"", ""quantity"": ""7"", ""rarity"": ""0.15""}, {""item"": ""Coins"", ""quantity"": ""10"", ""rarity"": ""0.1""}, {""item"": ""Coins"", ""quantity"": ""12"", ""rarity"": ""0.05""}, {""item"": ""Raw Bass"", ""quantity"": ""1"", ""rarity"": ""0.05""}, {""item"": ""Raw Bluegill"", ""quantity"": ""1"", ""rarity"": ""0.05""}, {""item"": ""Basic Rod"", ""quantity"": ""1"", ""rarity"": ""0.05""}, {""item"": ""Bones"", ""quantity"": ""1"", ""rarity"": ""0.05""}, {""item"": ""Logs"", ""quantity"": ""1"", ""rarity"": ""0.05""}, {""item"": ""Water Scroll"", ""quantity"": ""5"", ""rarity"": ""0.04""}, {""item"": ""Chisel"", ""quantity"": ""1"", ""rarity"": ""0.025""}, {""item"": ""Hammer"", ""quantity"": ""1"", ""rarity"": ""0.025""}, {""item"": ""Glass of Water"", ""quantity"": ""1"", ""rarity"": ""0.025""}, {""item"": ""Iron Helm"", ""quantity"": ""1"", ""rarity"": ""0.02""}, {""item"": ""Iron Gloves"", ""quantity"": ""1"", ""rarity"": ""0.02""}, {""item"": ""Fury Scroll"", ""quantity"": ""3"", ""rarity"": ""0.02""}, {""item"": ""Warp Scroll"", ""quantity"": ""1"", ""rarity"": ""0.01""}]",[]
Zombie (Lvl 24),https://highspell.fandom.com/wiki/Zombie_(Lvl_24),24,28,???,Yes,20 + 3 bonus,20 + 3 bonus,20 + 5 bonus,1,1,1,Unknown,0.025,0.15,"[{""item"": ""Bones"", ""quantity"": ""1"", ""rarity"": ""Always""}, {""item"": ""Coins"", ""quantity"": ""5"", ""rarity"": ""0.015""}, {""item"": ""Coins"", ""quantity"": ""7"", ""rarity"": ""0.015""}, {""item"": ""Coins"", ""quantity"": ""10"", ""rarity"": ""0.1""}, {""item"": ""Coins"", ""quantity"": ""20"", ""rarity"": ""0.04""}, {""item"": ""Steel Bar"", ""quantity"": ""1"", ""rarity"": ""0.04""}, {""item"": ""Water Scroll"", ""quantity"": ""10"", ""rarity"": ""0.04""}, {""item"": ""Fury Scroll"", ""quantity"": ""5"", ""rarity"": ""0.035""}, {""item"": ""Bronze Helm"", ""quantity"": ""1"", ""rarity"": ""0.035""}, {""item"": ""Potato"", ""quantity"": ""1"", ""rarity"": ""0.035""}, {""item"": ""Wheat"", ""quantity"": ""1"", ""rarity"": ""0.035""}, {""item"": ""Pinecone"", ""quantity"": ""1"", ""rarity"": ""0.035""}, {""item"": ""Bronze Gloves"", ""quantity"": ""1"", ""rarity"": ""0.035""}, {""item"": ""Bronze Longsword"", ""quantity"": ""1"", ""rarity"": ""0.03""}, {""item"": ""Energy Scroll"", ""quantity"": ""5"", ""rarity"": ""0.03""}, {""item"": ""Bronze Pickaxe"", ""quantity"": ""1"", ""rarity"": ""0.03""}, {""item"": ""Bronze Shield"", ""quantity"": ""1"", ""rarity"": ""0.025""}, {""item"": ""Red Cape"", ""quantity"": ""1"", ""rarity"": ""0.025""}]",[]
